window_ns,ber,energy_pj,window_ns
5.0,0.75,19.999072762404406,5.0
5.0,0.75,18.97751616806281,5.0
5.0,0.625,15.6559955769107,5.0
5.0,0.625,16.19048220255076,5.0
5.0,0.5,13.274880513458301,5.0
5.0,0.9375,23.945855043891658,5.0
5.0,0.5,13.074889957756453,5.0
5.0,0.625,15.779051226311053,5.0
5.0,0.5625,13.920245402374341,5.0
5.0,0.625,15.47747997602356,5.0
5.0,0.6875,18.858862188944602,5.0
5.0,0.75,19.52204791218208,5.0
5.0,0.75,20.054020283049432,5.0
5.0,0.625,15.978862831836238,5.0
5.0,0.6875,17.67325367376824,5.0
5.0,0.9375,24.129313582240012,5.0
5.0,0.625,16.388831773531294,5.0
5.0,0.75,18.626530929242644,5.0
5.0,0.6875,17.356224027087237,5.0
5.0,0.625,15.604894821882777,5.0
5.0,0.8125,20.051408239552234,5.0
5.0,0.8125,20.9476110219753,5.0
5.0,0.375,10.113306174605125,5.0
5.0,0.5625,14.430057568172453,5.0
5.0,0.625,17.70134732348271,5.0
5.0,0.75,18.990709664542315,5.0
5.0,0.75,19.480185547779715,5.0
5.0,0.5,13.097410024855634,5.0
5.0,0.6875,16.90111702981545,5.0
5.0,0.625,16.132107472346267,5.0
5.0,0.75,19.151790250529597,5.0
5.0,0.5,12.745730517636028,5.0
5.0,0.8125,20.64333891364821,5.0
5.0,0.6875,16.550867412741585,5.0
5.0,0.6875,18.388933528574686,5.0
5.0,0.5625,14.212511467425267,5.0
5.0,0.5,13.373504337981053,5.0
5.0,0.5625,14.281884316356296,5.0
5.0,0.6875,17.084834045251508,5.0
5.0,0.8125,20.671959185230467,5.0
5.0,0.75,19.220104447183633,5.0
5.0,0.75,18.724252981347693,5.0
5.0,0.5,12.620977086696614,5.0
5.0,0.5625,14.859649153679477,5.0
5.0,0.5,12.457182776567768,5.0
5.0,0.625,16.360715022820603,5.0
5.0,0.75,19.240519554690838,5.0
5.0,0.6875,17.870416685160066,5.0
5.0,0.8125,20.511156178422848,5.0
5.0,0.6875,17.307609571408296,5.0
5.0,0.8125,20.946370395979184,5.0
5.0,0.8125,20.210621120119615,5.0
5.0,0.625,16.02190762377305,5.0
5.0,0.75,19.35081219879241,5.0
5.0,0.6875,17.589885502636747,5.0
5.0,0.75,19.405409470343912,5.0
5.0,0.75,18.458124244631428,5.0
5.0,0.6875,17.167671147314575,5.0
5.0,0.625,16.39919327601121,5.0
5.0,0.5625,14.786538650345506,5.0
5.0,0.6875,17.348571155535048,5.0
5.0,0.6875,16.827946523070384,5.0
5.0,0.5,12.640962127769232,5.0
5.0,0.875,21.95337344710565,5.0
5.0,0.5625,15.014640906949984,5.0
5.0,0.5625,14.653711370610194,5.0
5.0,0.4375,11.711045128736083,5.0
5.0,0.75,18.83378711021909,5.0
5.0,0.5625,14.460970064347414,5.0
5.0,0.6875,17.625589884994685,5.0
5.0,0.8125,20.543185750378104,5.0
5.0,0.625,15.942518935769128,5.0
5.0,0.875,22.75921098297367,5.0
5.0,0.625,15.44398808996107,5.0
5.0,0.6875,18.40265001947531,5.0
5.0,0.875,22.411708360922365,5.0
5.0,0.625,16.681304306439035,5.0
5.0,0.6875,17.35170875353003,5.0
5.0,0.75,18.936862358920813,5.0
5.0,0.75,19.516852427425775,5.0
5.0,0.875,22.354873755711534,5.0
5.0,0.6875,18.015922010110067,5.0
5.0,0.4375,10.623749959359767,5.0
5.0,0.625,16.030310684850473,5.0
5.0,0.75,19.198054008807617,5.0
5.0,0.625,16.849520063088146,5.0
5.0,0.4375,10.665569295525167,5.0
5.0,0.5,12.90690023510103,5.0
5.0,0.625,15.737387721209037,5.0
5.0,0.625,15.728921365852363,5.0
5.0,0.6875,17.831339295302406,5.0
5.0,0.625,14.50912611731433,5.0
5.0,0.75,19.189684353875773,5.0
5.0,0.6875,17.66903036208485,5.0
5.0,0.75,19.080787553734588,5.0
5.0,0.625,16.08943599983153,5.0
5.0,0.875,22.367975176487054,5.0
5.0,0.8125,20.356666137453328,5.0
5.0,0.625,15.821921876475786,5.0
5.0,0.6875,17.485719823223,5.0
5.0,0.75,18.733076757749938,5.0
5.0,0.9375,23.396852053898133,5.0
5.0,0.625,16.28316721827025,5.0
5.0,0.625,14.995901217615485,5.0
5.0,0.8125,20.756168728258498,5.0
5.0,0.6875,17.38553042109393,5.0
5.0,0.625,15.172120166192732,5.0
5.0,0.8125,20.88547314210088,5.0
5.0,0.75,19.171566892609246,5.0
5.0,0.75,18.372088681352,5.0
5.0,0.625,16.46976713473863,5.0
5.0,0.375,9.640354382122625,5.0
5.0,0.6875,17.95864964535657,5.0
5.0,0.75,17.832304673759552,5.0
5.0,0.625,15.992088126570513,5.0
5.0,0.5,12.334213345302542,5.0
5.0,0.8125,20.264465862342742,5.0
5.0,0.625,16.23479553352797,5.0
5.0,0.5625,14.332509917515857,5.0
5.0,0.6875,17.577977353212482,5.0
5.0,0.6875,17.34919714682485,5.0
5.0,0.625,16.158289821304198,5.0
5.0,0.6875,16.712743526510955,5.0
5.0,0.625,16.000689254063538,5.0
5.0,0.5,12.99936728998207,5.0
5.0,0.625,15.919203115270582,5.0
5.0,0.75,19.61226773810518,5.0
5.0,0.6875,17.606068357850674,5.0
5.0,0.625,15.556095844641714,5.0
5.0,0.375,9.837228089995627,5.0
5.0,0.75,19.046297092451752,5.0
5.0,0.625,16.289513818938772,5.0
5.0,0.5625,13.962804699898298,5.0
5.0,0.75,19.3587554576016,5.0
5.0,0.6875,17.73820032973561,5.0
5.0,0.5625,14.184074593185617,5.0
5.0,0.5,12.803690428258623,5.0
5.0,0.5,13.140088090221365,5.0
5.0,0.75,19.301774883226088,5.0
5.0,0.6875,17.250279288200307,5.0
5.0,0.625,14.708174143193093,5.0
5.0,0.625,16.306923093545862,5.0
5.0,0.5625,12.907364664406492,5.0
5.0,0.5,13.2172288226973,5.0
5.0,0.6875,17.555830442941463,5.0
5.0,0.6875,17.7707327851085,5.0
5.0,0.625,15.95548816118036,5.0
5.0,0.4375,11.33522462906734,5.0
5.0,0.6875,17.021715102169193,5.0
5.0,0.75,19.033918480172957,5.0
5.0,0.6875,16.009811104118448,5.0
5.0,0.5625,13.910136106157992,5.0
5.0,0.8125,20.364605852279155,5.0
5.0,0.5,13.227959425857648,5.0
5.0,0.8125,20.973428628276615,5.0
5.0,0.75,19.651024036420804,5.0
5.0,0.625,16.386959587184396,5.0
5.0,0.8125,20.46153484094933,5.0
5.0,0.75,18.864477161512443,5.0
5.0,0.8125,20.386556757601834,5.0
5.0,0.75,19.325941815096158,5.0
5.0,0.625,14.98301307240841,5.0
5.0,0.8125,20.916402668033488,5.0
5.0,0.75,18.632928190060724,5.0
5.0,0.4375,11.112553292661742,5.0
5.0,0.8125,21.108100499985994,5.0
5.0,0.375,9.642454013083151,5.0
5.0,0.625,15.756928774665148,5.0
5.0,0.4375,9.279974609838941,5.0
5.0,0.375,9.601455342540895,5.0
5.0,0.6875,17.347322061222762,5.0
5.0,0.875,21.546615307839414,5.0
5.0,0.5,12.637608304289996,5.0
5.0,0.5625,14.224305944214327,5.0
5.0,0.625,16.02069682996277,5.0
5.0,0.6875,17.856394582309548,5.0
5.0,0.625,15.927507563180562,5.0
5.0,0.75,19.296450773421228,5.0
5.0,0.75,18.39038771134713,5.0
5.0,0.75,19.32936833396832,5.0
5.0,0.5,11.409035007906716,5.0
5.0,0.5,13.196640490644754,5.0
5.0,0.5625,13.859763070871487,5.0
5.0,0.625,16.187049576220613,5.0
5.0,0.4375,10.899424483360297,5.0
5.0,0.875,22.481194332882886,5.0
5.0,0.5625,14.556429770790347,5.0
5.0,0.6875,16.674819875055487,5.0
5.0,0.5625,14.483610378602837,5.0
5.0,0.6875,17.759145933797704,5.0
5.0,0.5625,14.697371423107484,5.0
5.0,0.625,16.15740819892401,5.0
5.0,0.875,21.36795970921258,5.0
5.0,0.8125,20.80914055181448,5.0
5.0,0.5625,13.851123726379328,5.0
5.0,0.6875,17.444904143482077,5.0
5.0,0.5,12.950351141885404,5.0
5.0,0.5625,14.811867128778244,5.0
5.0,0.6875,18.19083863584871,5.0
5.0,0.75,19.765246772999827,5.0
9.0,0.5,30.50990078819181,9.0
9.0,0.5,28.453145377270975,9.0
9.0,0.875,51.31284088544448,9.0
9.0,0.5625,34.64971262519257,9.0
9.0,0.625,37.557117819629035,9.0
9.0,0.8125,48.587429605687845,9.0
9.0,0.625,38.695134749994274,9.0
9.0,0.8125,48.076522818788945,9.0
9.0,0.625,39.35299368429608,9.0
9.0,0.5625,32.87653382289504,9.0
9.0,0.875,51.58092804200502,9.0
9.0,0.8125,46.84090292639334,9.0
9.0,0.625,37.3341625342948,9.0
9.0,0.5,28.52011465628339,9.0
9.0,0.625,36.996700063083914,9.0
9.0,0.625,37.85568363888746,9.0
9.0,0.8125,48.78575619967803,9.0
9.0,0.625,38.90388152100751,9.0
9.0,0.75,43.189996384862354,9.0
9.0,0.5625,34.848875955880374,9.0
9.0,0.4375,24.956129656440133,9.0
9.0,0.75,44.097244801155085,9.0
9.0,0.5,30.292642986440573,9.0
9.0,0.6875,40.33122793341782,9.0
9.0,0.6875,41.550109911967546,9.0
9.0,0.5,31.373580875555714,9.0
9.0,0.75,43.17571493057939,9.0
9.0,0.5625,33.34772804079994,9.0
9.0,0.9375,55.01552306841917,9.0
9.0,0.75,43.44112618534925,9.0
9.0,0.6875,39.42557574910925,9.0
9.0,0.8125,48.28911473654159,9.0
9.0,0.625,36.85328372951392,9.0
9.0,0.625,36.45551764467051,9.0
9.0,0.625,37.46636464975422,9.0
9.0,0.625,36.0806953074323,9.0
9.0,0.875,51.62064686724021,9.0
9.0,0.5625,33.34436506577281,9.0
9.0,0.5625,34.82159517766283,9.0
9.0,0.5625,33.08363199178171,9.0
9.0,0.625,38.77008513565844,9.0
9.0,0.6875,41.41652997720425,9.0
9.0,0.4375,26.964994450463124,9.0
9.0,0.8125,49.547226008059795,9.0
9.0,0.4375,27.821975346363633,9.0
9.0,0.625,37.16397891525615,9.0
9.0,0.4375,25.948434579660148,9.0
9.0,0.625,37.12438117347038,9.0
9.0,0.6875,41.223151711772104,9.0
9.0,0.5625,34.97287122848722,9.0
9.0,0.5625,33.81759722835317,9.0
9.0,0.8125,47.19828828511265,9.0
9.0,0.5625,33.66336972027805,9.0
9.0,0.5625,34.07040727771199,9.0
9.0,0.625,37.65001138495435,9.0
9.0,0.5625,32.06871857888544,9.0
9.0,0.75,45.35998936293835,9.0
9.0,0.75,45.41331569556049,9.0
9.0,0.4375,27.669272510624115,9.0
9.0,0.4375,27.05817953630956,9.0
9.0,0.75,46.452204014524824,9.0
9.0,0.8125,50.07688565936228,9.0
9.0,0.75,43.45463316578965,9.0
9.0,0.5625,35.26086310518572,9.0
9.0,0.8125,48.731467880095046,9.0
9.0,0.6875,41.18335471846382,9.0
9.0,0.75,44.47079343822016,9.0
9.0,0.5625,34.65108856399999,9.0
9.0,0.625,37.18525857509957,9.0
9.0,0.5625,32.88029806581048,9.0
9.0,0.5,30.669213755960957,9.0
9.0,0.8125,46.87965079416642,9.0
9.0,0.8125,47.51865542550993,9.0
9.0,0.8125,48.69458451625318,9.0
9.0,0.3125,19.24681453557468,9.0
9.0,0.8125,48.02679389496951,9.0
9.0,0.75,44.29828280937108,9.0
9.0,0.6875,42.934623859003004,9.0
9.0,0.5625,34.263513436501505,9.0
9.0,0.5,30.90657395865462,9.0
9.0,0.5,29.079379752548583,9.0
9.0,0.5625,32.1210676569954,9.0
9.0,0.75,43.718994534201336,9.0
9.0,0.8125,48.99081739124927,9.0
9.0,0.5625,34.10848619353357,9.0
9.0,0.4375,25.23385616554859,9.0
9.0,0.625,37.41236512041416,9.0
9.0,0.6875,40.63210783190891,9.0
9.0,0.6875,40.66878876032773,9.0
9.0,0.625,38.65911627225257,9.0
9.0,0.875,51.29854933020744,9.0
9.0,0.625,37.37044395739649,9.0
9.0,0.875,51.48949513839951,9.0
9.0,0.5625,32.982772752311256,9.0
9.0,0.75,44.41602451755526,9.0
9.0,0.75,43.40533908967213,9.0
9.0,0.6875,41.89148064103506,9.0
9.0,0.6875,41.54790669086377,9.0
9.0,0.375,23.03603400733587,9.0
9.0,0.8125,48.61630576448137,9.0
9.0,0.5625,32.667903116533964,9.0
9.0,0.625,38.17217756703965,9.0
9.0,0.6875,40.591768763622234,9.0
9.0,0.75,44.33302211816496,9.0
9.0,0.5,30.449466560822096,9.0
9.0,0.4375,26.78697781489491,9.0
9.0,0.5625,34.13733180426666,9.0
9.0,0.6875,42.405736952478854,9.0
9.0,0.75,44.88641112165445,9.0
9.0,0.8125,49.22241217227998,9.0
9.0,0.5625,32.848208644214246,9.0
9.0,0.625,38.22031064264735,9.0
9.0,0.4375,25.738552354017752,9.0
9.0,0.8125,49.83244950302558,9.0
9.0,0.625,37.26065337702374,9.0
9.0,0.5,30.037517648991706,9.0
9.0,0.4375,26.88507404190218,9.0
9.0,0.4375,26.426070647431906,9.0
9.0,0.8125,47.83568868867389,9.0
9.0,0.75,41.722317504252956,9.0
9.0,0.75,42.759762985280304,9.0
9.0,0.5,30.72905119020984,9.0
9.0,0.5,28.520809917057463,9.0
9.0,0.625,36.25511778267355,9.0
9.0,0.6875,42.151097010386835,9.0
9.0,0.6875,40.462190164532714,9.0
9.0,0.625,36.99055648666347,9.0
9.0,0.6875,41.725215562255435,9.0
9.0,1.0,59.11680152909571,9.0
9.0,0.625,36.05829723474066,9.0
9.0,0.625,38.154821166640474,9.0
9.0,0.75,44.69827278522619,9.0
9.0,0.75,44.701982388868004,9.0
9.0,0.625,35.62434498005104,9.0
9.0,0.875,53.29857621715689,9.0
9.0,0.8125,50.80344048045114,9.0
9.0,0.625,37.524127251238525,9.0
9.0,0.6875,40.03475190446939,9.0
9.0,0.625,37.68731874401502,9.0
9.0,0.8125,48.239203465265135,9.0
9.0,0.8125,49.347179806664435,9.0
9.0,0.5625,34.3926592810967,9.0
9.0,0.625,39.41131755840875,9.0
9.0,0.6875,41.47427900797993,9.0
9.0,0.6875,42.44388669105113,9.0
9.0,0.5625,34.795677239061085,9.0
9.0,0.5625,32.225601690610425,9.0
9.0,0.6875,41.06286616232139,9.0
9.0,0.6875,41.425234963863026,9.0
9.0,0.5625,34.934382139862755,9.0
9.0,0.625,38.087203143816716,9.0
9.0,0.6875,40.78032338385943,9.0
9.0,0.625,36.441090964790746,9.0
9.0,0.625,37.13930956838056,9.0
9.0,0.8125,47.17031986016265,9.0
9.0,0.75,45.88465036798883,9.0
9.0,0.8125,49.275991752250896,9.0
9.0,0.625,38.59075982131726,9.0
9.0,0.5625,32.8999495104242,9.0
9.0,0.5625,34.62961072856011,9.0
9.0,0.5625,34.071822342054105,9.0
9.0,0.75,44.41478694404788,9.0
9.0,0.4375,27.64408463188184,9.0
9.0,0.6875,40.5849604056597,9.0
9.0,0.5,29.841865480475512,9.0
9.0,0.6875,42.68549378224372,9.0
9.0,0.75,44.23912535905638,9.0
9.0,0.625,37.94338682805299,9.0
9.0,0.625,38.19590180054232,9.0
9.0,0.8125,48.69818390557184,9.0
9.0,0.875,50.93596803143257,9.0
9.0,0.8125,47.406052538200996,9.0
9.0,0.8125,49.26004357770873,9.0
9.0,0.5625,33.84201139027012,9.0
9.0,0.8125,48.39826718829163,9.0
9.0,0.8125,48.69153404265066,9.0
9.0,0.8125,49.12027347121759,9.0
9.0,0.6875,40.340099827522444,9.0
9.0,0.4375,24.60781196341281,9.0
9.0,0.75,45.793037832174065,9.0
9.0,0.6875,40.16706433307471,9.0
9.0,0.625,36.15826061565071,9.0
9.0,0.4375,27.346097149899588,9.0
9.0,0.6875,40.95134926067768,9.0
9.0,0.6875,38.802384152354065,9.0
9.0,0.6875,39.76238758231935,9.0
9.0,0.6875,40.738890028939295,9.0
9.0,0.5625,34.01295556498037,9.0
9.0,0.875,50.66219379669957,9.0
9.0,0.625,36.77505058759204,9.0
9.0,0.75,45.53174437383987,9.0
9.0,0.5625,34.043775708644056,9.0
9.0,0.8125,47.81165267817485,9.0
9.0,0.8125,46.62204965500246,9.0
9.0,0.375,23.901548430784555,9.0
9.0,0.75,44.53610369375215,9.0
9.0,0.8125,48.30830029146728,9.0
9.0,0.5,30.05320356996213,9.0
9.0,0.625,37.34498599481445,9.0
9.0,0.8125,46.800255334528046,9.0
13.0,0.75,71.48637345313958,13.0
13.0,0.75,68.63673725237884,13.0
13.0,0.625,59.8757805425843,13.0
13.0,0.6875,66.07468014598766,13.0
13.0,0.75,71.10477992856427,13.0
13.0,0.5,46.665192554326644,13.0
13.0,0.75,69.98984570952389,13.0
13.0,0.8125,76.11076573083446,13.0
13.0,0.875,79.90184281930506,13.0
13.0,0.75,71.13950955833947,13.0
13.0,0.8125,74.6782051433795,13.0
13.0,0.75,68.18112683049023,13.0
13.0,0.375,34.99802737681953,13.0
13.0,0.75,72.88861110217762,13.0
13.0,0.5,48.17675686700263,13.0
13.0,0.5625,53.998325539871466,13.0
13.0,0.625,57.8950621722845,13.0
13.0,0.875,80.57290686433797,13.0
13.0,0.8125,76.45531057383084,13.0
13.0,0.6875,64.4096059842046,13.0
13.0,0.875,81.75038613079955,13.0
13.0,0.5,46.079879354434055,13.0
13.0,0.4375,41.96986737633343,13.0
13.0,0.625,58.3809503776371,13.0
13.0,0.625,59.974637087085206,13.0
13.0,0.625,56.04907634603001,13.0
13.0,0.75,68.71351113353444,13.0
13.0,0.5625,54.00133677217723,13.0
13.0,0.625,60.31887744670391,13.0
13.0,0.5625,52.820219028590486,13.0
13.0,0.6875,64.02555697037633,13.0
13.0,0.75,68.44707425185776,13.0
13.0,0.625,57.97704806619607,13.0
13.0,0.6875,64.8772109354193,13.0
13.0,0.8125,76.50070170280814,13.0
13.0,0.5,47.710176943211955,13.0
13.0,0.625,59.10247290950753,13.0
13.0,0.6875,63.943638661568166,13.0
13.0,0.4375,43.38741899063716,13.0
13.0,0.5625,52.001806635277156,13.0
13.0,0.8125,75.99554856102253,13.0
13.0,0.6875,61.5110300497165,13.0
13.0,0.625,59.47133264449354,13.0
13.0,0.75,71.585780486133,13.0
13.0,0.75,66.06301938048138,13.0
13.0,0.625,59.24081533195739,13.0
13.0,0.5,45.63900822764656,13.0
13.0,0.625,56.8813702826389,13.0
13.0,0.8125,78.11620953102175,13.0
13.0,0.6875,64.16492125323903,13.0
13.0,0.625,57.86715095263512,13.0
13.0,0.6875,62.04125012801868,13.0
13.0,0.5,47.00701683661594,13.0
13.0,0.75,70.47803463595864,13.0
13.0,0.625,60.52475034022434,13.0
13.0,0.875,80.17442657324794,13.0
13.0,0.5625,52.903267920317276,13.0
13.0,0.625,58.67079744886649,13.0
13.0,0.625,58.970988730598194,13.0
13.0,0.8125,74.47075473377448,13.0
13.0,0.5625,55.063805939386825,13.0
13.0,0.6875,61.8753275816708,13.0
13.0,0.6875,65.89956427644465,13.0
13.0,0.6875,66.75023391080629,13.0
13.0,0.5625,54.922702820700025,13.0
13.0,0.625,57.9700021919924,13.0
13.0,0.6875,63.98177059566134,13.0
13.0,0.8125,74.60934059815486,13.0
13.0,0.5625,50.69993498546666,13.0
13.0,0.75,68.97332235875344,13.0
13.0,0.6875,63.70471309815577,13.0
13.0,0.75,69.7305675518316,13.0
13.0,0.5,49.69829985663007,13.0
13.0,0.625,58.15060168807453,13.0
13.0,0.6875,61.2344325130019,13.0
13.0,0.625,60.120125872570824,13.0
13.0,0.625,56.482609193881785,13.0
13.0,0.625,57.8785282576435,13.0
13.0,0.625,59.68439283318426,13.0
13.0,1.0,93.80339364259196,13.0
13.0,0.6875,64.10416967604283,13.0
13.0,0.75,68.94365175942357,13.0
13.0,0.6875,64.89006416290161,13.0
13.0,0.5625,53.91725127805439,13.0
13.0,0.6875,61.811924253208105,13.0
13.0,0.6875,62.98955567789525,13.0
13.0,0.625,59.77123210784138,13.0
13.0,0.625,57.32026849068728,13.0
13.0,0.625,57.09030707897568,13.0
13.0,0.6875,63.99360114117583,13.0
13.0,0.875,80.72752431786871,13.0
13.0,0.8125,75.69415858899575,13.0
13.0,0.4375,41.16240717151032,13.0
13.0,0.625,60.82175800082881,13.0
13.0,0.5625,51.38496851097342,13.0
13.0,0.75,70.28879328232624,13.0
13.0,0.75,70.71332813403858,13.0
13.0,0.6875,64.40134713615687,13.0
13.0,0.75,70.57028143738488,13.0
13.0,0.6875,63.98605687908421,13.0
13.0,0.625,58.44409145087102,13.0
13.0,0.75,69.59838843287814,13.0
13.0,0.75,69.67385376923818,13.0
13.0,0.875,80.92946812915145,13.0
13.0,0.6875,66.73011988163417,13.0
13.0,0.4375,43.455027240069015,13.0
13.0,0.5,44.936461306229425,13.0
13.0,0.6875,63.510674299855246,13.0
13.0,0.4375,39.4701506987184,13.0
13.0,0.625,59.03100605914509,13.0
13.0,0.625,58.075804160995546,13.0
13.0,0.4375,41.34891694984054,13.0
13.0,0.8125,78.65442869498375,13.0
13.0,0.75,70.55366944478875,13.0
13.0,0.6875,62.38419466451699,13.0
13.0,0.6875,62.22523798661035,13.0
13.0,0.625,58.80967146657333,13.0
13.0,0.8125,73.04639414180484,13.0
13.0,0.75,69.83798499713811,13.0
13.0,0.75,71.04363115236933,13.0
13.0,0.6875,65.74956664391554,13.0
13.0,0.5625,52.39690585150051,13.0
13.0,0.8125,75.38139640020714,13.0
13.0,0.6875,67.38130117275108,13.0
13.0,0.625,59.27380710295621,13.0
13.0,0.75,70.23566349558956,13.0
13.0,0.625,59.70646967892394,13.0
13.0,0.6875,66.04536625964896,13.0
13.0,0.4375,40.7170276801531,13.0
13.0,0.75,73.25119453038823,13.0
13.0,0.625,57.67879062270924,13.0
13.0,0.5625,52.57184349019519,13.0
13.0,0.5625,53.304114025886335,13.0
13.0,0.9375,88.86412294259027,13.0
13.0,0.625,57.898493365503505,13.0
13.0,0.8125,79.40586348524363,13.0
13.0,0.75,71.57478066041742,13.0
13.0,0.625,60.402190124474856,13.0
13.0,0.625,55.49813820211842,13.0
13.0,0.6875,62.38724516861436,13.0
13.0,0.8125,74.42067230304798,13.0
13.0,0.4375,41.95269575033756,13.0
13.0,0.6875,65.77635286393027,13.0
13.0,0.8125,75.37867326017987,13.0
13.0,0.5625,50.408655465804905,13.0
13.0,0.6875,65.87110266998235,13.0
13.0,0.625,58.27204937408642,13.0
13.0,0.5625,52.35163969098129,13.0
13.0,0.6875,65.36221502692011,13.0
13.0,0.625,58.183727053344796,13.0
13.0,0.625,57.56191230229112,13.0
13.0,0.6875,66.14121270348114,13.0
13.0,0.6875,62.965565227579035,13.0
13.0,0.6875,64.85618454071881,13.0
13.0,0.6875,65.94168551036415,13.0
13.0,0.625,60.46618396635032,13.0
13.0,0.5625,53.91304271993335,13.0
13.0,0.375,35.38063617669897,13.0
13.0,0.625,59.6992802691242,13.0
13.0,0.5625,52.95633367317531,13.0
13.0,0.8125,75.75035627850848,13.0
13.0,0.625,57.52332667618975,13.0
13.0,0.625,55.936015122249046,13.0
13.0,0.875,80.2198015986987,13.0
13.0,0.75,72.27756799305664,13.0
13.0,0.4375,39.49409235632434,13.0
13.0,0.6875,66.06879311645201,13.0
13.0,0.4375,38.03177277223449,13.0
13.0,0.4375,39.576776713299985,13.0
13.0,0.8125,76.4305037681038,13.0
13.0,0.6875,63.33908294306697,13.0
13.0,0.75,66.87630575453603,13.0
13.0,0.6875,63.09882059058319,13.0
13.0,0.625,58.873755509085896,13.0
13.0,0.8125,76.64960861393652,13.0
13.0,0.5625,53.528702258491826,13.0
13.0,0.8125,75.28547870944034,13.0
13.0,0.75,73.72979226689934,13.0
13.0,0.625,58.224954795692184,13.0
13.0,0.75,69.121613124642,13.0
13.0,0.8125,77.54354535708629,13.0
13.0,0.875,81.68416784681533,13.0
13.0,0.875,82.40422340440212,13.0
13.0,0.875,79.61898940034297,13.0
13.0,0.5,49.12312147039482,13.0
13.0,0.5625,52.73860170898981,13.0
13.0,0.8125,76.26758898328123,13.0
13.0,0.8125,77.51674746853105,13.0
13.0,0.75,70.79486048965533,13.0
13.0,0.5625,52.49990147533263,13.0
13.0,0.625,55.8869672405785,13.0
13.0,0.6875,62.225762196627656,13.0
13.0,0.5,45.20371214397571,13.0
13.0,0.625,57.7169775942783,13.0
13.0,0.5625,51.562783448911944,13.0
13.0,0.75,69.20415597955224,13.0
13.0,0.625,58.542017934153,13.0
13.0,0.875,83.54671380195553,13.0
13.0,0.625,61.62351276319609,13.0
13.0,0.75,67.99063034828889,13.0
17.0,0.625,78.27812230919719,17.0
17.0,0.75,94.47812329991012,17.0
17.0,0.8125,103.26287326303809,17.0
17.0,0.8125,105.40888100279479,17.0
17.0,0.5625,75.42776360760723,17.0
17.0,0.6875,90.4251181314763,17.0
17.0,0.625,76.84369692936586,17.0
17.0,0.6875,90.86107270673264,17.0
17.0,0.375,49.208670290172805,17.0
17.0,0.625,78.6640971070823,17.0
17.0,0.6875,85.15145804708146,17.0
17.0,0.625,76.60122742307031,17.0
17.0,0.8125,101.29011149444112,17.0
17.0,0.625,77.1230076886366,17.0
17.0,0.9375,116.7910681766304,17.0
17.0,0.8125,103.60781935095339,17.0
17.0,0.75,91.85422990370243,17.0
17.0,0.6875,86.01534009667233,17.0
17.0,0.6875,85.18393816039334,17.0
17.0,0.75,93.97223977755375,17.0
17.0,0.75,93.54246327097994,17.0
17.0,0.625,80.04001009518527,17.0
17.0,0.6875,85.77514119202368,17.0
17.0,0.8125,103.27797434271092,17.0
17.0,0.875,108.80595944940048,17.0
17.0,0.5625,73.06058900063972,17.0
17.0,0.5625,75.21614264560297,17.0
17.0,0.6875,89.391129370778,17.0
17.0,0.75,96.00461483288593,17.0
17.0,0.5625,74.55106709818402,17.0
17.0,0.5625,75.64146123474345,17.0
17.0,0.5625,72.33265514812518,17.0
17.0,0.5,62.67529568881803,17.0
17.0,0.75,95.9022890154418,17.0
17.0,0.6875,90.20094877897857,17.0
17.0,0.625,81.32087596097325,17.0
17.0,0.75,97.0404517796011,17.0
17.0,0.625,80.20723344298229,17.0
17.0,0.875,107.46150810828097,17.0
17.0,0.625,80.93631708542672,17.0
17.0,0.625,81.18269413795716,17.0
17.0,0.6875,90.48116326001713,17.0
17.0,0.625,80.93554515720714,17.0
17.0,0.375,47.425400503974615,17.0
17.0,0.6875,92.12892203551469,17.0
17.0,0.625,78.83439504802166,17.0
17.0,0.625,77.74946276331664,17.0
17.0,0.5625,71.93904055051513,17.0
17.0,0.8125,103.27103655765448,17.0
17.0,0.5,65.52786814139401,17.0
17.0,0.8125,102.84220475380643,17.0
17.0,0.625,81.43848422464463,17.0
17.0,0.75,95.74638047283554,17.0
17.0,0.8125,105.43917526477478,17.0
17.0,0.5625,72.46064492585627,17.0
17.0,0.75,95.45852599702829,17.0
17.0,0.5625,73.56557093725172,17.0
17.0,0.8125,102.27623903007756,17.0
17.0,0.5,66.05505542224932,17.0
17.0,0.9375,120.08591037502694,17.0
17.0,0.75,96.40417190754896,17.0
17.0,0.6875,82.81934681017559,17.0
17.0,0.625,79.79883072020708,17.0
17.0,0.75,94.16811348815146,17.0
17.0,0.6875,87.89916420801961,17.0
17.0,0.6875,85.5911755538362,17.0
17.0,0.6875,90.3527854154109,17.0
17.0,0.75,100.71564829582675,17.0
17.0,0.875,114.20476106241794,17.0
17.0,0.6875,89.50911718896681,17.0
17.0,0.5625,74.11322602630712,17.0
17.0,0.625,76.92501335873877,17.0
17.0,0.75,95.4955903111008,17.0
17.0,0.5625,72.37473208501436,17.0
17.0,0.5,63.39969896230439,17.0
17.0,0.6875,90.67752559213227,17.0
17.0,0.4375,57.049019301255555,17.0
17.0,0.875,112.65866653586264,17.0
17.0,0.375,50.34611022673921,17.0
17.0,0.75,93.9462286768755,17.0
17.0,0.6875,83.27606457289414,17.0
17.0,0.8125,101.79950209365317,17.0
17.0,0.625,80.26275570486177,17.0
17.0,0.75,95.85414387233378,17.0
17.0,0.625,79.21706896990112,17.0
17.0,0.375,49.455531007120356,17.0
17.0,0.8125,100.10478839870403,17.0
17.0,0.5,61.26843839999244,17.0
17.0,0.6875,87.99048997950409,17.0
17.0,0.6875,85.03524255132457,17.0
17.0,0.8125,104.34029971099022,17.0
17.0,0.625,79.62139913284393,17.0
17.0,0.5625,73.3465682419841,17.0
17.0,0.8125,101.98615988725913,17.0
17.0,0.5625,72.6716734924114,17.0
17.0,0.625,81.62718107398567,17.0
17.0,0.5625,68.63342456436922,17.0
17.0,0.5625,70.34453793574797,17.0
17.0,0.8125,102.39937952015008,17.0
17.0,0.4375,55.50128248280425,17.0
17.0,0.6875,89.8040903561791,17.0
17.0,0.75,95.97683005120604,17.0
17.0,0.6875,86.67260851401996,17.0
17.0,0.625,81.30522088501591,17.0
17.0,0.6875,86.63910496418396,17.0
17.0,0.6875,88.86953702090858,17.0
17.0,0.8125,105.05257384411222,17.0
17.0,0.5625,72.6025924344939,17.0
17.0,0.5625,71.54262939828382,17.0
17.0,0.5,66.80484571016042,17.0
17.0,0.625,81.12819524032986,17.0
17.0,0.75,93.61774874763698,17.0
17.0,0.6875,85.79021503650107,17.0
17.0,0.6875,85.79755651732683,17.0
17.0,0.8125,106.785178784484,17.0
17.0,0.8125,103.4382636496096,17.0
17.0,0.75,95.29813902102137,17.0
17.0,0.5,63.42331699564274,17.0
17.0,1.0,128.4483219121677,17.0
17.0,0.5625,69.9724908247765,17.0
17.0,0.75,95.31717136000019,17.0
17.0,0.8125,105.15137720805161,17.0
17.0,0.75,99.24538669936722,17.0
17.0,0.6875,89.35589300992113,17.0
17.0,0.5,65.10956587910414,17.0
17.0,0.5,63.425386822855884,17.0
17.0,0.625,80.98597534540113,17.0
17.0,0.75,91.85880531473778,17.0
17.0,0.75,99.53693003901165,17.0
17.0,0.75,94.36465633007641,17.0
17.0,0.5625,73.1630856577992,17.0
17.0,0.625,80.76697310545164,17.0
17.0,0.5,67.74016296969056,17.0
17.0,0.625,78.01875913875162,17.0
17.0,0.75,95.6492859260583,17.0
17.0,0.625,81.407134001283,17.0
17.0,0.875,112.2922230472765,17.0
17.0,0.5625,73.94433186695748,17.0
17.0,0.5,65.94179004279354,17.0
17.0,0.625,80.68684295094185,17.0
17.0,0.6875,91.20766915537651,17.0
17.0,0.6875,90.07679359839449,17.0
17.0,0.625,79.2377850381123,17.0
17.0,0.5625,72.91245857389478,17.0
17.0,0.375,48.17352405215526,17.0
17.0,0.625,77.77811269181693,17.0
17.0,0.875,110.39400027071915,17.0
17.0,0.9375,121.094162119965,17.0
17.0,0.875,109.32933606573314,17.0
17.0,0.5,61.12183396115816,17.0
17.0,0.375,49.76823335749715,17.0
17.0,0.75,95.83895753168458,17.0
17.0,0.4375,60.43937481361216,17.0
17.0,0.6875,85.93591844886778,17.0
17.0,0.625,81.11283194043548,17.0
17.0,0.6875,86.75733340989042,17.0
17.0,0.6875,89.52498985076461,17.0
17.0,0.6875,88.22155670667844,17.0
17.0,0.75,94.85602233438344,17.0
17.0,0.4375,58.70705798399577,17.0
17.0,0.8125,100.82787896002321,17.0
17.0,0.6875,88.42216795506455,17.0
17.0,0.5625,70.98178546818357,17.0
17.0,0.75,91.63178379521068,17.0
17.0,0.875,109.71154869938945,17.0
17.0,0.375,48.011786885469554,17.0
17.0,0.5625,72.03597154808334,17.0
17.0,0.625,82.8250995488346,17.0
17.0,0.125,19.567103829279777,17.0
17.0,0.625,76.91348038901042,17.0
17.0,0.875,111.7127308799411,17.0
17.0,0.8125,102.97578273450179,17.0
17.0,0.375,48.770957347839435,17.0
17.0,0.625,84.13839382912226,17.0
17.0,0.625,79.77520347962486,17.0
17.0,0.5,64.35742347162088,17.0
17.0,0.625,80.36515779334286,17.0
17.0,0.875,112.92223475094643,17.0
17.0,0.8125,100.15004909806805,17.0
17.0,0.6875,86.73176749395263,17.0
17.0,0.6875,89.18946971307271,17.0
17.0,0.8125,98.015202454488,17.0
17.0,0.875,110.18556864970924,17.0
17.0,0.4375,55.99022218332101,17.0
17.0,0.8125,102.99746598865146,17.0
17.0,0.75,92.66556203922114,17.0
17.0,0.6875,89.68399719712998,17.0
17.0,0.4375,57.03695631988249,17.0
17.0,0.6875,88.88016601007986,17.0
17.0,0.5625,72.55645342988961,17.0
17.0,0.625,82.65413810208722,17.0
17.0,0.875,113.06250815730934,17.0
17.0,0.8125,103.26757871511677,17.0
17.0,0.5,67.3905431941796,17.0
17.0,0.5625,72.0040724009319,17.0
17.0,0.5,67.69404894260447,17.0
17.0,0.5625,74.35498310818303,17.0
17.0,0.9375,119.1128192726009,17.0
17.0,0.6875,85.37963302763382,17.0
17.0,0.625,75.39879664091792,17.0
21.0,0.75,119.23746861795061,21.0
21.0,0.625,97.41909164405692,21.0
21.0,0.8125,127.05536233783384,21.0
21.0,0.8125,129.07101211174367,21.0
21.0,0.5,79.13902852070807,21.0
21.0,0.75,121.60951940645013,21.0
21.0,0.5,84.74654185397627,21.0
21.0,0.625,101.01821233533173,21.0
21.0,0.75,121.27612744044303,21.0
21.0,0.375,64.48111304318233,21.0
21.0,0.625,97.88764100767558,21.0
21.0,0.5625,90.40442532784293,21.0
21.0,0.875,137.1318629768712,21.0
21.0,0.625,102.44282288736935,21.0
21.0,0.625,103.1130717671207,21.0
21.0,0.625,103.43143683131386,21.0
21.0,0.75,125.48529552889308,21.0
21.0,0.625,102.83530794221116,21.0
21.0,0.75,117.37555545455542,21.0
21.0,0.8125,129.58427611336148,21.0
21.0,0.75,124.9947884124734,21.0
21.0,0.6875,112.49179980226931,21.0
21.0,0.75,126.44933951997824,21.0
21.0,0.6875,117.24560546039736,21.0
21.0,0.6875,110.5895606208446,21.0
21.0,0.75,122.9763593457074,21.0
21.0,0.625,102.4558343690609,21.0
21.0,0.5625,91.1246158818811,21.0
21.0,0.625,99.24535513742583,21.0
21.0,0.6875,113.14525893568276,21.0
21.0,0.8125,131.45798676669295,21.0
21.0,0.5,83.2772299932335,21.0
21.0,0.8125,128.91951834152587,21.0
21.0,0.6875,112.31988400083237,21.0
21.0,0.75,120.43743455956925,21.0
21.0,0.4375,71.36443696154048,21.0
21.0,0.875,142.85766654917268,21.0
21.0,0.75,118.03504513866552,21.0
21.0,0.625,101.51727725522653,21.0
21.0,0.9375,151.33128084306983,21.0
21.0,0.625,100.70479598023819,21.0
21.0,0.6875,109.11462947482036,21.0
21.0,0.8125,131.99665501536822,21.0
21.0,0.6875,108.19238488198738,21.0
21.0,0.625,100.38414444741935,21.0
21.0,0.6875,113.9258277636535,21.0
21.0,0.8125,124.59516111960724,21.0
21.0,0.75,121.772299907891,21.0
21.0,0.8125,128.81766876716938,21.0
21.0,0.625,103.64710804851033,21.0
21.0,0.6875,112.16869894266505,21.0
21.0,0.75,116.83215949556539,21.0
21.0,0.625,102.5372496625451,21.0
21.0,0.9375,153.71354422743318,21.0
21.0,0.5625,90.33161959976627,21.0
21.0,0.75,120.90637818070118,21.0
21.0,0.875,142.3920685096461,21.0
21.0,0.75,117.4834470630385,21.0
21.0,0.75,124.31982597038862,21.0
21.0,0.5625,94.92828086450471,21.0
21.0,0.5625,94.22028563588991,21.0
21.0,0.8125,133.41213111181773,21.0
21.0,0.5,82.01101453107991,21.0
21.0,0.875,141.04775969575803,21.0
21.0,0.625,107.94722858919155,21.0
21.0,0.5625,93.58058408063235,21.0
21.0,0.875,143.29133158758373,21.0
21.0,0.6875,113.29775421338131,21.0
21.0,0.75,120.00045957503426,21.0
21.0,0.5625,88.605903128601,21.0
21.0,0.8125,132.39243186876024,21.0
21.0,0.875,141.2738701392827,21.0
21.0,0.8125,133.89297313046816,21.0
21.0,0.625,99.51338459290506,21.0
21.0,0.5625,95.03276436761087,21.0
21.0,0.5,80.38119939354408,21.0
21.0,0.75,120.44322170882572,21.0
21.0,0.625,107.34998525852548,21.0
21.0,0.4375,74.33188114819717,21.0
21.0,0.5625,91.13841046924789,21.0
21.0,0.625,102.19355088069874,21.0
21.0,0.5625,94.42791373101979,21.0
21.0,0.625,100.45508709819798,21.0
21.0,0.75,120.7799453146058,21.0
21.0,0.75,124.03921295466067,21.0
21.0,0.5625,90.9312415492033,21.0
21.0,0.6875,108.54824103655476,21.0
21.0,0.5625,90.32388757861622,21.0
21.0,0.75,120.83149705400605,21.0
21.0,0.5625,91.85424545851522,21.0
21.0,0.4375,72.76874813001449,21.0
21.0,0.625,97.6198218276461,21.0
21.0,0.8125,130.93835873161572,21.0
21.0,0.5625,91.12871293347207,21.0
21.0,0.6875,110.3756557675747,21.0
21.0,0.625,103.24276514950994,21.0
21.0,0.4375,67.31752362187319,21.0
21.0,0.625,101.47849526080734,21.0
21.0,0.625,99.65002238767558,21.0
21.0,0.625,101.01859393964664,21.0
21.0,0.625,99.48324953800945,21.0
21.0,0.5,81.74506186312873,21.0
21.0,0.75,118.36584847683895,21.0
21.0,0.5,84.14376068971899,21.0
21.0,0.8125,136.99045650177217,21.0
21.0,0.8125,133.89801862023867,21.0
21.0,0.5,85.45375938044411,21.0
21.0,0.75,122.28143598424192,21.0
21.0,0.5625,85.4931374373249,21.0
21.0,0.8125,132.26560069958853,21.0
21.0,0.75,119.52534436225395,21.0
21.0,0.625,100.2252241066177,21.0
21.0,0.6875,114.14932648789593,21.0
21.0,0.625,99.32257554579856,21.0
21.0,0.9375,151.96090177780752,21.0
21.0,0.625,100.11237252602638,21.0
21.0,0.8125,134.65779602870614,21.0
21.0,0.5625,85.25070686494026,21.0
21.0,0.75,123.38155278191554,21.0
21.0,0.75,119.70078429378223,21.0
21.0,0.875,145.09719768318251,21.0
21.0,0.5,78.44761331644423,21.0
21.0,0.75,124.10015533587737,21.0
21.0,0.75,120.51826465211049,21.0
21.0,0.6875,110.93568924261847,21.0
21.0,0.625,100.99871784821536,21.0
21.0,0.6875,111.55091921636144,21.0
21.0,0.6875,104.384786036136,21.0
21.0,0.625,104.45625673610425,21.0
21.0,0.625,103.6237695716727,21.0
21.0,0.5625,92.9435963473732,21.0
21.0,0.4375,69.4902854648407,21.0
21.0,0.75,122.56753971522953,21.0
21.0,0.625,105.25164914114416,21.0
21.0,0.625,103.51266601931448,21.0
21.0,0.8125,130.21136212213608,21.0
21.0,0.5625,91.97075710917498,21.0
21.0,0.625,100.09882091731009,21.0
21.0,0.75,122.06156926774392,21.0
21.0,0.4375,73.60840459014031,21.0
21.0,0.6875,108.341211555021,21.0
21.0,0.5625,93.84509668549224,21.0
21.0,0.5,77.65550843920727,21.0
21.0,0.5,82.63581272340781,21.0
21.0,0.5625,96.13801822856523,21.0
21.0,0.625,101.18272494576586,21.0
21.0,0.8125,130.53283467272493,21.0
21.0,0.875,143.71226831056183,21.0
21.0,0.8125,134.48350075648906,21.0
21.0,0.8125,132.73616339988328,21.0
21.0,0.8125,132.14048138485697,21.0
21.0,0.625,104.22447418022789,21.0
21.0,0.625,98.30499689390801,21.0
21.0,0.75,119.91412169277704,21.0
21.0,0.9375,151.40846030518514,21.0
21.0,0.625,101.69781592671784,21.0
21.0,0.6875,106.21244640079779,21.0
21.0,0.625,105.39279497388672,21.0
21.0,0.8125,134.47659944148307,21.0
21.0,0.5625,88.85661912491204,21.0
21.0,0.625,103.85732197470055,21.0
21.0,0.6875,112.90307426443724,21.0
21.0,0.625,98.25287368459634,21.0
21.0,0.6875,112.00821931810505,21.0
21.0,0.625,100.49710195528591,21.0
21.0,0.6875,111.19834864251362,21.0
21.0,0.75,118.88357807001957,21.0
21.0,0.8125,128.9500734778396,21.0
21.0,0.75,121.86082869104872,21.0
21.0,0.625,101.23855932694003,21.0
21.0,0.6875,106.9549103163995,21.0
21.0,0.625,93.93573903538537,21.0
21.0,0.6875,109.54015170876103,21.0
21.0,0.6875,114.65938174897616,21.0
21.0,0.5,88.04434186345469,21.0
21.0,0.625,103.57750487617378,21.0
21.0,0.5625,90.62048686183063,21.0
21.0,0.8125,131.018672705596,21.0
21.0,0.625,100.81424422670105,21.0
21.0,0.5,75.98724819743495,21.0
21.0,0.8125,126.82054594877656,21.0
21.0,0.6875,108.38427708430898,21.0
21.0,0.6875,112.61441400812079,21.0
21.0,0.75,121.07696273877481,21.0
21.0,0.625,100.0670743807247,21.0
21.0,0.75,119.93926294347362,21.0
21.0,0.625,109.45170615052233,21.0
21.0,0.75,121.5555683362265,21.0
21.0,0.8125,130.16080239802164,21.0
21.0,0.625,97.30030542575787,21.0
21.0,0.6875,112.41950584359503,21.0
21.0,0.6875,112.2380063198507,21.0
21.0,0.6875,111.18008527938633,21.0
21.0,0.75,120.76184666464925,21.0
21.0,0.625,103.33273271360655,21.0
21.0,0.75,122.76513467461643,21.0
21.0,0.5,80.63628016648352,21.0
21.0,0.6875,110.09443970752943,21.0
21.0,0.6875,108.12113514727066,21.0
21.0,0.6875,113.08820237053419,21.0
25.0,0.625,125.01030935204885,25.0
25.0,0.625,120.41061548328516,25.0
25.0,0.625,124.85429002472719,25.0
25.0,0.8125,155.9004867195207,25.0
25.0,0.8125,156.10197962433773,25.0
25.0,0.625,121.23306894210451,25.0
25.0,0.625,124.58803545727461,25.0
25.0,0.625,121.89422831887825,25.0
25.0,0.4375,88.39909481096637,25.0
25.0,0.625,125.28528120975142,25.0
25.0,0.4375,85.92525078668375,25.0
25.0,0.5625,113.8393147435946,25.0
25.0,0.5,98.23950737454655,25.0
25.0,0.625,125.89379805691496,25.0
25.0,0.625,122.05236758875104,25.0
25.0,0.6875,137.16623211741828,25.0
25.0,0.75,147.63962319786836,25.0
25.0,0.5,89.84758143639836,25.0
25.0,0.5625,113.66173791191494,25.0
25.0,0.6875,137.14914776717748,25.0
25.0,0.6875,131.86355821471207,25.0
25.0,0.5,103.02207126995997,25.0
25.0,0.8125,158.0278464125689,25.0
25.0,0.6875,134.99692149030506,25.0
25.0,0.6875,129.67981835074144,25.0
25.0,0.4375,87.62602178224374,25.0
25.0,0.75,145.85124446632346,25.0
25.0,0.6875,130.87279920349795,25.0
25.0,0.5625,108.38773128338924,25.0
25.0,0.8125,157.97914858246048,25.0
25.0,0.6875,139.01630220017222,25.0
25.0,0.625,125.9436344501232,25.0
25.0,0.625,127.4226143298821,25.0
25.0,0.875,170.83620922179804,25.0
25.0,0.625,125.97322120603334,25.0
25.0,0.6875,131.33646496750035,25.0
25.0,0.5625,107.8744807896736,25.0
25.0,0.6875,135.4507419732589,25.0
25.0,0.6875,134.91611446660193,25.0
25.0,0.5,97.76830178287686,25.0
25.0,0.875,171.6113126427628,25.0
25.0,0.8125,158.94668979860975,25.0
25.0,0.375,74.80749271742015,25.0
25.0,0.8125,160.11160547850096,25.0
25.0,0.6875,135.14035017721332,25.0
25.0,0.8125,156.4576818362246,25.0
25.0,0.6875,134.91040417947562,25.0
25.0,0.625,118.87840203437456,25.0
25.0,0.8125,158.89716784355826,25.0
25.0,0.625,122.92590537439634,25.0
25.0,0.6875,140.2495125332851,25.0
25.0,0.5625,109.94523988388781,25.0
25.0,0.5,102.69682667630619,25.0
25.0,0.8125,160.0596376528888,25.0
25.0,0.75,147.49395543493873,25.0
25.0,0.6875,138.34370555322565,25.0
25.0,0.75,145.03006341958147,25.0
25.0,0.8125,155.95902888488752,25.0
25.0,0.625,122.15817527487195,25.0
25.0,0.625,122.26500990521087,25.0
25.0,0.75,145.34981950932843,25.0
25.0,0.5625,114.83462327612311,25.0
25.0,0.625,126.34137912189937,25.0
25.0,0.625,121.56789117040188,25.0
25.0,0.6875,136.39181741468332,25.0
25.0,0.8125,161.9105275102059,25.0
25.0,0.75,149.15895681615365,25.0
25.0,0.75,152.22810436918883,25.0
25.0,0.75,143.73653953333894,25.0
25.0,0.875,170.2329496346801,25.0
25.0,0.6875,139.89647033649112,25.0
25.0,0.75,146.40642762824973,25.0
25.0,0.5625,110.98535171542382,25.0
25.0,0.6875,134.99100941364293,25.0
25.0,0.6875,136.2410934011349,25.0
25.0,0.625,125.69239883850173,25.0
25.0,0.8125,162.9450198123161,25.0
25.0,0.5625,115.44630041746541,25.0
25.0,0.4375,90.75448708126024,25.0
25.0,0.5625,113.4069505916072,25.0
25.0,0.6875,132.22088784113276,25.0
25.0,0.5625,112.95606047166545,25.0
25.0,0.625,121.891334953428,25.0
25.0,0.75,143.617628996707,25.0
25.0,0.6875,134.03703661918513,25.0
25.0,0.625,124.41403327727255,25.0
25.0,0.75,143.4869480314296,25.0
25.0,0.75,144.26686315151127,25.0
25.0,0.5,96.54607443679016,25.0
25.0,0.75,149.65781583196838,25.0
25.0,0.6875,138.95282093857963,25.0
25.0,0.75,140.2936009885968,25.0
25.0,0.6875,135.7780426321074,25.0
25.0,0.875,169.32426252404505,25.0
25.0,0.6875,133.6494326248415,25.0
25.0,0.75,144.43688201808004,25.0
25.0,0.5,96.19138408815182,25.0
25.0,0.625,127.87217666475122,25.0
25.0,0.5625,105.59997651426097,25.0
25.0,0.875,169.75683731786742,25.0
25.0,0.75,146.46639267595452,25.0
25.0,0.75,149.90764299358955,25.0
25.0,0.625,124.02505674292898,25.0
25.0,0.6875,132.85911081692308,25.0
25.0,0.6875,137.11228025976126,25.0
25.0,0.625,121.61983723011843,25.0
25.0,0.75,148.1779059882698,25.0
25.0,0.8125,156.7239593577161,25.0
25.0,0.5,99.43470682727683,25.0
25.0,0.625,125.61425970839035,25.0
25.0,0.8125,157.33423402142682,25.0
25.0,0.625,121.19080461371226,25.0
25.0,0.625,119.59570434136783,25.0
25.0,0.625,123.94767353557106,25.0
25.0,0.875,169.63184270848922,25.0
25.0,0.5625,110.09661887230254,25.0
25.0,0.75,144.8140475386817,25.0
25.0,0.5625,107.72038165705099,25.0
25.0,0.75,143.9430121446494,25.0
25.0,0.875,169.6817613565364,25.0
25.0,0.5625,111.15735940510436,25.0
25.0,0.5,101.06984264351038,25.0
25.0,0.6875,137.14683605626607,25.0
25.0,0.6875,139.0580799231912,25.0
25.0,0.75,150.51558111211088,25.0
25.0,0.6875,136.68580196608414,25.0
25.0,0.8125,157.15578251138942,25.0
25.0,0.625,123.71761909074506,25.0
25.0,0.625,125.05447313298504,25.0
25.0,0.875,172.33661849512254,25.0
25.0,0.8125,161.6200207593632,25.0
25.0,0.875,170.2238707183867,25.0
25.0,0.8125,163.0795174774812,25.0
25.0,0.75,138.54689114727114,25.0
25.0,0.5625,112.26732605699279,25.0
25.0,0.6875,127.78185938049172,25.0
25.0,0.75,149.4109800424146,25.0
25.0,0.6875,135.6174736550978,25.0
25.0,0.625,123.70042571132177,25.0
25.0,0.6875,132.6599157341189,25.0
25.0,0.75,141.32467292501101,25.0
25.0,0.6875,135.4098102312987,25.0
25.0,0.6875,132.17284380591846,25.0
25.0,0.8125,155.813215580913,25.0
25.0,0.625,124.05072486071911,25.0
25.0,0.3125,59.0355868903109,25.0
25.0,0.625,123.8963165476517,25.0
25.0,0.6875,142.1752172907724,25.0
25.0,0.6875,135.9477883631787,25.0
25.0,0.625,125.06817121457476,25.0
25.0,0.625,123.48214846807305,25.0
25.0,0.625,122.5456918165068,25.0
25.0,0.5625,111.96581121040772,25.0
25.0,0.625,123.98661128227411,25.0
25.0,0.75,148.6063414364923,25.0
25.0,0.6875,132.3069233716001,25.0
25.0,0.625,121.72301976422952,25.0
25.0,0.6875,138.75763861737528,25.0
25.0,0.4375,91.18414041338386,25.0
25.0,0.5625,107.99774694540052,25.0
25.0,0.5625,112.74615783392669,25.0
25.0,0.5625,115.74544703998137,25.0
25.0,0.6875,135.7499391715521,25.0
25.0,0.5,98.33285842766685,25.0
25.0,0.75,147.43582136435762,25.0
25.0,0.6875,136.34285915043858,25.0
25.0,0.75,144.32353877869537,25.0
25.0,0.5625,110.71395490673025,25.0
25.0,0.75,148.6270528312645,25.0
25.0,0.6875,130.65015667416134,25.0
25.0,0.6875,138.53383574123694,25.0
25.0,0.625,121.08712321623405,25.0
25.0,0.625,123.1299337317952,25.0
25.0,0.6875,136.45368344789202,25.0
25.0,0.625,122.16388053622995,25.0
25.0,0.5,99.803710141365,25.0
25.0,0.6875,131.16605325767384,25.0
25.0,0.625,122.39190455327304,25.0
25.0,0.6875,133.8980132707509,25.0
25.0,0.75,150.2505034246899,25.0
25.0,0.5,99.96881006705468,25.0
25.0,0.5625,108.30939321619977,25.0
25.0,0.625,125.10710074539807,25.0
25.0,0.75,145.52206752749308,25.0
25.0,0.5625,112.75268431170285,25.0
25.0,0.75,143.53096908048042,25.0
25.0,0.8125,156.40623357185032,25.0
25.0,0.6875,134.11961014981307,25.0
25.0,0.75,147.43530200008234,25.0
25.0,0.3125,60.8804786825302,25.0
25.0,0.5625,107.27586519696875,25.0
25.0,0.75,144.09090090420628,25.0
25.0,0.5625,108.08870667369945,25.0
25.0,0.5,100.90626773241256,25.0
25.0,0.8125,163.14452377119875,25.0
25.0,0.5625,110.43513481966204,25.0
25.0,0.6875,134.37373395653898,25.0
25.0,0.5625,114.3868326463958,25.0
25.0,0.5625,112.97043758054477,25.0
25.0,0.8125,157.82450154478832,25.0
