sat_I_sat,ber,energy_pj,window_ns
0.5,0.75,32.72715436322647,8.003047170797544
0.5,0.4375,37.38427602952456,8.001792756349563
0.5,0.625,35.00679333320085,7.982422716086434
0.5,0.8125,27.975968832010405,7.989414639180216
0.5,0.5625,35.130852045293324,7.999432168056073
0.5,0.625,35.029170698375495,7.99372412463563
0.5,0.5625,32.29582787279079,7.990771135581047
0.5,0.8125,14.001101711044287,8.003654744726429
0.5,0.6875,25.61544080998546,7.997441679286592
0.5,0.625,29.879213382641876,7.984563747974779
0.5,0.6875,30.336315950516248,7.991204903713411
0.5,0.5625,30.563585285104008,7.9987619070567035
0.5,0.875,31.719101691863454,7.9940677981512955
0.5,0.875,30.447736828699703,8.00025128711216
0.5,0.6875,34.362706927419154,7.984274717499975
0.5,0.6875,29.72323905233052,7.980261661301411
0.5,0.75,30.14049974471673,7.991368143376556
0.5,0.75,38.04645294951207,8.0285743842314
0.5,0.6875,25.001763223640083,7.987833962847105
0.5,0.5,42.330674364102315,8.011649444451882
0.5,0.6875,30.00399750131644,8.01356763157464
0.5,0.9375,25.57815553909446,7.9913465716789815
0.5,0.6875,32.82056381824075,7.990494637928142
0.5,0.6875,29.321046723577098,8.004654967741663
0.5,0.5,35.167421462975796,8.00808547749602
0.5,0.375,37.27338868526742,7.987746082005309
0.5,0.5625,37.50807971024196,7.998107543034315
0.5,0.6875,32.92039859174892,8.001074487026973
0.5,0.625,30.350963978055123,8.003248847188246
0.5,0.6875,35.792465668118076,8.00635843338266
0.5,0.9375,38.52060129906453,8.010520748860237
0.5,0.6875,32.06493965698311,8.027996972218373
0.5,0.5625,34.40273317978056,7.989074457296166
0.5,0.5,32.83091182771641,7.988760282375706
0.5,0.625,37.41546956081827,8.01276470882781
0.5,0.5,38.78658121897031,7.993316253167004
0.5,0.6875,30.707632809179312,8.005191029979569
0.5,0.8125,36.447909142960874,8.002979331769684
0.5,0.75,20.103288166355963,8.015458964797787
0.5,0.5625,39.98715575154929,8.004264474161984
0.5,0.625,34.50023044728155,7.980526948343101
0.5,0.75,24.500297355276082,7.999225611323679
0.5,0.5625,34.785200011151794,7.997226617912064
0.5,0.6875,29.415130475037238,8.014126079006362
0.5,0.6875,28.528061293096716,8.010725333647102
0.5,0.5625,37.68020207205595,7.99410729140936
0.5,0.5625,35.1784850477783,8.004937227144602
0.5,0.6875,27.586614735138376,8.003828950951617
0.5,0.8125,27.273870134401125,7.992243905207385
0.5,0.625,35.066122813387594,7.997058475651544
0.5,0.5625,35.18582024413562,8.021331605180034
0.5,0.75,28.135800527476995,7.993634306726202
0.5,0.4375,36.985748682138606,8.006224410467595
0.5,0.6875,27.518546267479127,7.98618420826471
0.5,0.75,26.74017151328598,8.006083961914591
0.5,0.6875,28.92966291641293,7.99406843492662
0.5,0.75,29.91555441870241,7.993674439636527
0.5,0.6875,30.535190803295237,7.998740395674529
0.5,0.625,24.16571546862952,7.984202813028055
0.5,0.5625,32.306368397052196,7.992291553735422
0.5,0.8125,25.870737567204976,7.9949867980728175
0.5,0.4375,37.990450333655836,8.006868669613349
0.5,0.9375,27.506453504084078,7.997954784608268
0.5,0.8125,32.37875896848253,8.011799657394576
0.5,0.375,40.10237493545165,7.990301319771891
0.5,0.875,33.92459900156276,7.996115231743818
0.5,0.6875,36.13928102953965,7.998687140623767
0.5,0.625,35.297622328666655,7.997862897660527
0.5,0.5625,30.320593893292116,7.988999898462506
0.5,1.0,27.483867838198886,7.984464824577547
0.5,0.625,28.02000746146606,8.00385818467872
0.5,0.6875,32.880003186755914,7.981940924308212
0.5,0.6875,31.929952926664697,7.987861983139087
0.5,0.5,35.36116759702277,7.997229306929615
0.5,0.4375,39.73664545979603,8.015912619698002
0.5,0.5625,31.715502449175126,7.99334891827972
0.5,0.8125,21.375047847379456,7.991101783637813
0.5,0.625,30.216991693695505,7.998704696140626
0.5,0.5625,38.42855989470163,7.999912506032434
0.5,0.6875,30.385856079876564,8.010261562807722
0.5,0.625,29.82961094673286,8.009532048834913
0.5,0.375,41.25368925368365,8.01002909868948
0.5,0.6875,34.90264642295329,7.997552528261968
0.5,0.625,33.04332366151497,8.003206019563548
0.5,0.875,19.186302728928634,8.010200734164298
0.5,0.6875,30.272452598863715,7.994677285933786
0.5,0.8125,32.74168917687599,8.005560278747597
0.5,0.625,30.462740646835545,7.991843685663534
0.5,0.5625,39.49846113098088,8.000165017574144
0.5,0.75,32.29657533094557,7.994211782784133
0.5,0.5625,34.349988390073996,7.994866312311839
0.5,0.625,32.374652919989664,8.020360182121712
0.5,0.625,26.356066216670804,7.994960048916365
0.5,0.5625,35.01334898978075,8.001447470471675
0.5,0.5625,33.61128777546635,7.9802956679619665
0.5,0.75,31.156902566635413,8.009111258440443
0.5,0.75,30.13413840137426,7.999845960629493
0.5,0.5625,32.19900022041929,7.99361905532326
0.5,0.5,35.31215716873059,8.01451587371846
0.5,0.6875,29.74113709861973,7.992086479329245
0.5,0.4375,34.88816892986247,7.997668916700215
0.5,0.625,29.84851872469146,7.997582285042013
0.5,0.8125,31.00430193425699,8.01928332944467
0.5,0.75,32.56909882945247,8.00225942694089
0.5,0.6875,27.778266722895655,7.997292895789622
0.5,0.75,33.264885135926626,8.000243930698629
0.5,0.8125,30.212259609650456,8.007491231719365
0.5,0.5,40.52295935758392,7.999708276570011
0.5,0.6875,31.79136547478344,7.997055850794418
0.5,0.75,24.64410002437205,8.019738110352804
0.5,0.75,35.84043315511035,7.998357642176131
0.5,0.875,32.62634609016304,7.989453757886663
0.5,0.6875,27.95805423592577,7.99300172575302
0.5,0.625,35.701231870097786,7.989601558996142
0.5,0.5,33.50547871154813,7.978979601640102
0.5,0.5625,32.418316988910775,7.998429976872279
0.5,0.8125,34.39440742545492,7.995279130635865
0.5,0.6875,37.70038808848357,7.993472526889189
0.5,0.75,23.223812380790044,7.998877979144332
0.5,0.6875,29.920720985780747,7.988665956999672
0.5,0.5,33.96154829426915,8.002679191243502
0.5,0.875,35.75620709633437,8.007142792376934
0.5,0.875,32.99021307323941,8.017976998377948
0.5,0.6875,30.862850038079046,8.007649005552683
0.5,0.75,40.25131247671311,8.013725442840972
0.5,0.625,32.27613029690025,8.008580272441492
0.5,0.6875,26.519647627827656,8.017291532286864
0.5,0.75,36.223325561584,8.025990281447905
0.5,0.5625,38.0822601718379,8.017672952381554
0.5,0.5,38.91757079795491,8.000308106817492
0.5,0.75,30.67827605265137,8.018300491631535
0.5,0.75,31.417283118795197,7.992656632252222
0.5,0.6875,28.660238437080963,7.995318382647737
0.5,0.8125,34.42232015470119,8.000316139548577
0.5,0.6875,28.946242282223093,8.000857222752414
0.5,0.5625,30.26376863036656,7.998112291448734
0.5,0.625,32.09961494523777,7.994244849787245
0.5,0.8125,27.50728692600466,8.001090039895796
0.5,0.5625,39.676869798617474,8.003341126329836
0.5,0.625,32.605978417864335,7.988273342907332
0.5,0.5625,27.964544127493646,7.997333603776903
0.5,0.75,26.178715016552346,7.990672167339699
0.5,0.6875,34.95780247113648,8.00614895616248
0.5,0.5625,35.666090048376674,7.998176512022438
0.5,0.625,32.04159664891531,8.010945482752335
0.5,0.875,30.358393527840164,7.990859706436531
0.5,0.5625,29.5538544607745,8.004357524435841
0.5,0.75,32.82813434180428,8.005224548612095
0.5,0.75,30.276389608141553,8.006854393017617
0.5,0.6875,29.837636822936528,7.992577846197744
0.5,0.4375,31.68371418632693,7.992376708143807
0.5,0.875,23.11590763885516,8.010378782289026
0.5,0.625,26.864612289181707,7.99988130469322
0.5,0.5625,32.16707513843514,7.99639539909853
0.5,0.625,31.48366733030885,8.01260717282979
0.5,0.5,34.27690356885874,8.0215175897518
0.5,0.375,39.666976836536264,7.990564491803756
0.5,0.5,39.17299253301934,7.992834640211704
0.5,0.75,40.862028278306326,7.992596769108882
0.5,0.6875,27.494270492983407,8.014056916228062
0.5,0.6875,30.948969442171663,7.983252811344052
0.5,0.8125,24.481115023074512,7.990073373427718
0.5,0.75,26.694829928995976,8.008725686809157
0.5,0.8125,28.123775314311775,7.987442362632667
0.5,0.875,23.89985596152644,7.97854481528138
0.5,0.6875,30.11662187953075,7.999593985647776
0.5,0.6875,32.64358623546847,8.004297612100073
0.5,0.5625,37.84774957119825,7.987667919131466
0.5,0.5625,39.84614515180339,7.993084910491083
0.5,0.875,22.503127393817486,7.983381459332481
0.5,0.625,30.014155712704937,7.993399069320359
0.5,0.5,32.75171493387704,7.990868208462148
0.5,0.625,30.063499300586926,7.995942550964513
0.5,0.6875,37.46909870999853,8.014710168911387
0.5,0.625,29.453000029932667,7.992628675545236
0.5,0.4375,39.901586218335964,7.996812967316025
0.5,0.6875,32.73884882057444,7.979949223637881
0.5,0.4375,34.43022088652728,8.001362145398678
0.5,0.6875,29.824910373281217,7.998203645540864
0.5,0.375,38.89079525622862,7.9997520812293175
0.5,0.8125,29.721916928584065,8.011284463067259
0.5,0.6875,37.270203529959396,7.982447516306996
0.5,0.625,34.51884052206012,7.999671094469177
0.5,0.875,28.647287427452824,8.004326792099135
0.5,0.75,26.68855403291064,7.994164930647868
0.5,0.8125,19.23077863122184,8.006972561082456
0.5,0.625,37.304403482866675,7.9804567710037055
0.5,0.625,32.30360137849097,7.994955551762281
0.5,0.5,35.20183053590202,8.003842962366132
0.5,0.875,18.842274234859993,8.003428514920113
0.5,0.6875,23.154890360919936,8.021778478526727
0.5,0.5625,34.740973275691914,8.017542012192655
0.5,0.5625,34.71484989496196,8.01387090333957
0.5,0.625,28.100142940929008,8.009393677687987
0.5,0.5625,41.92034387416485,7.988930337002994
0.5,0.625,39.548182510220194,7.999846274989379
0.5,0.75,24.680824841912187,8.00657106089761
0.5,0.75,25.330034482570966,8.000275318911282
0.5,0.8125,29.760896984540327,8.02787670055859
0.5,0.5625,30.062596391946244,7.976629383697199
1.0,0.5,46.61497796187256,7.995891715312872
1.0,0.5625,40.85863707893664,7.999611847061264
1.0,0.75,37.68080495166047,7.998736906486222
1.0,0.75,41.31009008870937,8.005254368627202
1.0,0.6875,39.118364626746555,7.989714039057787
1.0,0.625,41.172467939903804,7.991594877110332
1.0,0.375,43.38430623181438,7.99801357242815
1.0,0.8125,39.408306275393535,8.001064713094149
1.0,0.8125,36.16874997123438,8.00431685126985
1.0,0.6875,48.367107522194274,7.988973673814879
1.0,0.5,40.97008854658373,8.000998040007048
1.0,0.6875,34.5179259339178,7.9955915507346464
1.0,0.75,32.02592681357637,7.995585298996252
1.0,0.875,28.97460250633669,7.989285307825789
1.0,0.75,41.59468574216546,7.9951585175223805
1.0,0.6875,44.04212566133579,7.994216654184392
1.0,0.875,29.188023271701592,8.001905231642388
1.0,0.75,39.60780046029842,8.009821228248537
1.0,0.6875,37.477801804696334,8.010209573546929
1.0,0.625,38.663763319761344,8.013687793673814
1.0,0.5,41.23799535683978,7.988827393275644
1.0,0.875,35.7239184958017,7.981380564781297
1.0,0.8125,35.98981472553484,7.990178185236591
1.0,0.6875,38.24415520421305,7.991470537117586
1.0,0.6875,47.25845807742364,8.001246862197913
1.0,0.6875,37.74470329333213,8.012437763926279
1.0,0.5,41.91521712489907,8.014847808964577
1.0,0.6875,37.797512891833655,7.995761486702634
1.0,0.75,41.155986813191504,8.016088816551806
1.0,0.5625,50.43236138592256,8.001661194061688
1.0,0.6875,40.71024058162252,7.987266431242459
1.0,0.8125,35.74453876529646,7.999149110184243
1.0,0.8125,44.35925992917095,7.988857434574374
1.0,0.625,35.14683253689629,8.002533134572781
1.0,0.8125,25.442317561424282,7.996990818635373
1.0,0.5625,44.59619312665641,7.993943323272918
1.0,0.5625,41.4184504285319,7.987291052051255
1.0,0.6875,30.889697300898284,8.006107488606359
1.0,0.75,44.646276009807956,7.994497741895959
1.0,0.5625,34.443752861313875,8.001988161880204
1.0,0.8125,35.85549313682589,7.993019742851512
1.0,0.875,26.07802586663816,8.001042773538716
1.0,0.625,37.76541184051681,7.998131501290745
1.0,0.75,41.36558049575354,7.993401891810386
1.0,0.6875,41.30501047263121,8.004018710675549
1.0,0.6875,39.48045194535566,7.995575322774084
1.0,0.625,32.33962308797237,7.9901124331033735
1.0,0.9375,32.05132771006141,7.999514705226549
1.0,0.5625,37.42681687379415,8.006818864233981
1.0,0.8125,32.80919453119625,8.00870248883974
1.0,0.75,34.99122040999748,8.003218713384253
1.0,0.4375,50.41654153167493,8.013775151656656
1.0,0.625,29.400652821024117,8.00105681093978
1.0,0.75,39.06652156608129,8.000481128480022
1.0,0.5,39.35825865335299,7.993080861992919
1.0,0.6875,35.235056151996304,7.997425358752324
1.0,0.625,39.1534962539837,8.006222224861501
1.0,0.625,28.38749693449348,7.99976348134849
1.0,0.625,23.185494122391898,8.009604832517194
1.0,0.875,37.52108250746816,7.996719290280668
1.0,0.625,35.806533464983026,7.986307613046872
1.0,0.8125,35.350312077126745,7.992223153590677
1.0,0.625,44.54481684379749,8.005365771013597
1.0,0.75,41.16600083365334,7.987962266501002
1.0,0.6875,47.728799120164325,8.000489233716486
1.0,0.5625,38.606475943016406,7.999328715153723
1.0,0.5625,40.64698994147024,7.992541210302866
1.0,0.6875,35.42377502872532,7.995907518521008
1.0,0.75,38.173248393254894,8.01365217339834
1.0,0.5625,35.30483968851538,8.01264390948083
1.0,0.625,33.980993512035056,8.003177960072977
1.0,0.625,39.29959768885287,8.011100511748216
1.0,0.625,37.85349080921209,7.9945633126782845
1.0,0.75,42.435956706493165,8.002947333859582
1.0,0.5625,31.527558517985415,7.992222652765324
1.0,0.6875,38.3870745479261,8.006573621328037
1.0,0.5625,40.77433160682439,8.011838860795484
1.0,0.6875,38.72931753209654,7.997589583704064
1.0,0.875,31.428216882966158,7.98990937404891
1.0,0.625,28.522561497129587,7.999735493700857
1.0,0.5,38.95293046326712,7.998052415339371
1.0,0.5625,40.45364713833985,8.003956064622187
1.0,0.6875,38.4290528151763,8.010706451544156
1.0,0.75,32.00876362912129,7.988314575503081
1.0,0.625,41.394723161494795,8.01073264378042
1.0,0.5625,44.91341925116222,8.011781366384763
1.0,0.6875,31.151242798402336,7.983547365729734
1.0,0.5625,32.16204046965436,7.989769664887486
1.0,0.625,40.595854315576666,7.991224287633122
1.0,0.5,46.59616319270072,8.005747876865334
1.0,0.5625,36.76252736183369,8.009218349343126
1.0,0.625,41.22015786243095,7.988569467174022
1.0,0.5625,35.083089934930975,7.99774383009448
1.0,0.5,48.08775844054309,7.986332028674054
1.0,0.4375,47.6029086820066,8.01098061475746
1.0,0.625,34.55006511997144,8.000149579600594
1.0,0.5625,31.760082223846826,7.998738583203773
1.0,0.6875,41.47801971797564,8.016869375044596
1.0,0.5,47.08137177662526,8.002095239519008
1.0,0.75,32.022093202840146,8.009558026707415
1.0,0.625,38.038820846202,8.01255670409735
1.0,0.625,41.69073176284274,7.994605320984013
1.0,0.625,42.29276658166743,8.000996215786857
1.0,0.8125,31.772423373325907,7.98725580091012
1.0,0.6875,38.32686331599496,8.00845946676172
1.0,0.625,39.88650720624419,8.004938724649916
1.0,0.75,32.050115852581555,8.002331296561627
1.0,0.75,26.639179992426698,7.9796067306141225
1.0,0.5625,38.12970351417496,8.014975687773497
1.0,0.5625,32.01090067446544,7.99154851750863
1.0,0.875,24.156017836981768,8.001919439535344
1.0,0.875,36.32597625171047,8.007274921359736
1.0,0.625,42.012701521946276,8.006546289041655
1.0,0.625,43.95848215125883,8.001782141011235
1.0,0.6875,42.7226648988761,7.984487881827567
1.0,0.6875,37.72094260370497,7.991483913201531
1.0,0.75,42.729318578618845,8.007500540808678
1.0,0.8125,28.390619777606684,7.98545516566085
1.0,0.4375,35.13113037887273,7.987315814154499
1.0,0.5625,31.95120141982525,7.98575580494933
1.0,0.5625,44.61286415404554,8.00021140094053
1.0,0.875,41.075152179374996,7.997078355952969
1.0,0.625,41.64685593798723,8.00375334635108
1.0,0.6875,48.56014961221757,8.002586828737464
1.0,0.5,42.164566377710315,8.016979189236265
1.0,0.75,31.48369677176802,7.9922388662775194
1.0,0.75,28.40998754188915,8.01076136456497
1.0,0.75,35.25551323251897,7.9861418466488665
1.0,0.75,30.933569616785583,7.994430660902504
1.0,0.625,39.303570724778254,7.988453331130003
1.0,0.875,38.1582298385345,7.987467097172683
1.0,0.75,35.75850010019287,7.999277861781879
1.0,0.625,44.77966443067022,7.992769423692412
1.0,0.4375,48.063965516902364,7.99785118539126
1.0,0.6875,42.05299077966646,8.013478546816822
1.0,0.5625,43.32317406653666,7.9795681396087
1.0,0.625,39.06234423475016,8.013945171669215
1.0,0.875,34.77352599728129,7.994260442702069
1.0,0.625,37.02808646978926,7.982585223821086
1.0,0.75,26.033325755121833,7.987926106562803
1.0,0.75,34.27049365822511,8.009046859753731
1.0,0.6875,38.993508370231886,7.988458880098456
1.0,0.75,40.728717180949026,7.991922319116586
1.0,0.6875,25.007243544800804,7.993332300489245
1.0,0.375,36.57223363050598,7.991165435263927
1.0,0.8125,28.793797721833684,8.001596854218889
1.0,0.8125,32.43903628555548,8.005938257757496
1.0,0.75,32.11735426490427,8.013885526318916
1.0,0.875,37.851397797218254,7.990388990889601
1.0,0.6875,27.93139026395036,8.009247060870944
1.0,0.625,34.42028453394972,7.992413449276192
1.0,0.6875,31.72026391123381,7.99486107320652
1.0,0.625,38.08263873139675,8.00935413137728
1.0,0.8125,27.627500807930563,8.0133085998147
1.0,0.5,44.11411266059725,7.998739023007438
1.0,0.75,44.09533416254233,7.99363937497996
1.0,0.75,38.93923183415763,7.986689703708096
1.0,0.6875,28.18188949345227,7.96954746714367
1.0,0.875,32.786896662149346,7.990547255575169
1.0,0.75,34.887620311727254,7.986540049395019
1.0,0.8125,28.97674068061797,8.00219737148052
1.0,0.5,32.71050971264108,8.000904500316661
1.0,0.75,41.71480132660888,8.000515605762864
1.0,0.75,25.18759353921751,7.990331883245535
1.0,0.75,41.324349617529194,7.990768817584744
1.0,0.625,37.75472338588855,8.002605529335666
1.0,0.8125,38.94186615369403,7.996555597548811
1.0,0.8125,36.24658582731254,7.996843941809496
1.0,0.5,37.05270099868435,8.006737523345704
1.0,0.5625,34.68162647723123,8.013160151007927
1.0,0.625,47.181825042779764,7.990299233444331
1.0,0.6875,37.15825900757002,7.99146119584656
1.0,0.8125,32.58708920575584,8.0083752146333
1.0,0.75,34.78570977308167,7.989365817471349
1.0,0.625,34.48909556404823,8.003413862177805
1.0,0.625,40.70697812628645,7.996797942330129
1.0,0.8125,44.618535490237015,8.016002176371753
1.0,0.8125,35.20453240854577,8.007021270452539
1.0,0.625,47.23916471498808,7.99531178197253
1.0,0.375,44.21913300552724,8.00447873508118
1.0,0.6875,37.652453729355685,7.999232776967597
1.0,0.6875,34.64591326495611,8.002599449666297
1.0,0.5625,31.174801862973588,8.004340033349543
1.0,0.4375,34.935443903972946,8.01058432283493
1.0,0.6875,27.73868640989568,8.0070604182602
1.0,0.6875,32.93906958284685,8.016677355290962
1.0,0.8125,32.240907284167406,7.9982959746133435
1.0,0.625,32.045436378902984,7.993798581079462
1.0,0.5625,32.560711445434144,7.994275635758134
1.0,0.8125,28.328248603645925,7.991073511118781
1.0,0.8125,25.562491524331495,8.010861549676822
1.0,0.875,38.82437132592025,8.006156925229147
1.0,0.8125,22.057522223314905,8.011989957484946
1.0,0.75,34.46114446521524,8.016994382834126
1.0,0.3125,49.63174847503757,8.004699752519402
1.0,0.8125,36.023143043489526,7.982929859525214
1.0,0.5,46.84638405167316,8.011959230893545
1.0,0.5625,28.151437408203098,7.995517614768424
1.0,0.6875,47.58720402211889,7.989130273281143
1.0,0.6875,34.734227749410685,8.002873216830743
1.5,0.6875,37.12204153195107,8.020900634856075
1.5,0.5625,51.28197623286946,7.993914500327216
1.5,0.625,47.62168942656799,7.982397990974116
1.5,0.625,44.05285791119466,7.986031471479706
1.5,0.625,40.742211725124164,7.996595934986347
1.5,0.625,36.024150089752155,7.99998884121516
1.5,0.125,53.13622789295748,8.005284109817989
1.5,0.625,29.84321431340226,8.00831831567883
1.5,0.75,40.4942162127128,8.008900166581284
1.5,0.625,41.32028384814036,8.008321850811233
1.5,0.625,37.939471651561774,7.9792416240734685
1.5,0.6875,29.82662210321898,7.995766150164819
1.5,0.75,33.505345011354585,7.991873596237438
1.5,0.8125,41.48377659887841,7.999510961428932
1.5,0.625,46.36685020997572,8.017097187294235
1.5,0.9375,30.97301218674797,7.9830464065814155
1.5,0.4375,45.96747942641136,7.998207835413627
1.5,0.6875,50.23718170537171,8.010514152942434
1.5,0.75,34.216410543565694,7.99339281498699
1.5,0.875,27.54107121487822,8.012682661362856
1.5,0.6875,33.53854757064072,8.002494310707233
1.5,0.6875,48.56618128446883,8.002163444277299
1.5,0.6875,41.50812819847764,7.995276789056717
1.5,0.75,37.80614145721004,8.001310060143542
1.5,0.75,36.89855749143583,7.989520847073681
1.5,0.75,37.813474527913286,7.999694059827947
1.5,0.625,47.70996517762086,8.018726538621413
1.5,0.75,41.19169090449384,8.01523530330172
1.5,0.6875,40.87803620011308,7.997118190408319
1.5,0.5,43.809316267923094,7.996750692998768
1.5,0.8125,32.78302352534517,7.982716172178279
1.5,0.5,47.91150420499309,8.00384887019139
1.5,0.6875,28.333088249637633,8.005119993812926
1.5,0.625,35.42771579824394,7.98516276943141
1.5,0.75,36.85604837006082,7.982501798127613
1.5,0.75,29.271910914155942,7.985889079601948
1.5,0.6875,38.243131389228616,8.012304554107844
1.5,0.5,36.18716936860836,7.985928648497033
1.5,0.5,42.10628061009623,7.979337169960717
1.5,0.4375,46.392318419604514,8.003335911430277
1.5,0.375,50.52085312743756,7.998259143556053
1.5,0.75,48.723294499470676,8.000029358664687
1.5,0.75,34.09011139562549,7.983235650772322
1.5,0.75,32.85771534302055,8.004088944806014
1.5,0.75,41.67535952076218,8.009334184394994
1.5,0.8125,38.0481277594536,8.013050657153357
1.5,0.5625,42.972195457672186,8.007399142631927
1.5,0.625,38.15116602254014,8.004697539848411
1.5,0.5,44.18582394729557,7.994090279377135
1.5,0.6875,47.21871334752142,7.997057537807349
1.5,0.5,36.474293482868866,8.025485680824275
1.5,0.8125,23.355872870338573,7.999580807549721
1.5,0.6875,54.408133290274186,7.998403233572594
1.5,0.6875,44.002509403822074,7.992669700802567
1.5,0.5625,51.339278355925885,8.000173720210672
1.5,0.6875,44.23770766649651,8.00001914519679
1.5,0.5625,41.77753687966308,7.98386802742743
1.5,0.9375,37.829340188723826,7.999250522579892
1.5,0.6875,30.093550961124816,8.010261802497519
1.5,0.8125,36.90770785198072,8.008549343964944
1.5,0.4375,46.71878106239195,8.009103988022895
1.5,0.5,36.31061989008918,7.991354315171618
1.5,0.75,40.60625274466315,7.984104658900698
1.5,0.625,38.323707016825374,8.007856820626907
1.5,0.875,43.45189816341737,8.002932145066312
1.5,0.5625,41.41079936085512,7.996275859920642
1.5,0.75,40.33140066188543,7.995112848352324
1.5,0.625,41.21860575988104,8.021284829963362
1.5,0.8125,41.01302734358617,8.003341790727667
1.5,0.5625,39.59377386522628,7.991326979108379
1.5,0.8125,30.918085586949903,8.007957152495964
1.5,0.75,33.999066058353044,7.998568557235604
1.5,0.875,28.22467786582544,8.02164547359122
1.5,0.75,43.027390127112064,7.998105942145662
1.5,0.6875,41.47730931554242,7.999974487750338
1.5,0.75,36.31134931509725,8.003656826970143
1.5,1.0,34.71639002613305,8.012956728395014
1.5,0.75,37.202897543570366,8.00644474681957
1.5,0.625,37.53213748540471,7.9998283306565465
1.5,0.875,34.258900314155454,8.013035101869146
1.5,0.8125,34.83348339752456,7.983208348338733
1.5,0.75,38.20755565480767,7.992163674108827
1.5,0.625,49.68839554169839,7.999402968948981
1.5,0.6875,41.26820860140157,8.010476183853319
1.5,0.75,34.186005030576176,7.984282657981362
1.5,0.75,37.85527770533362,8.00259448398517
1.5,0.75,50.74296732760347,7.998849028660654
1.5,0.6875,42.192326720976666,7.992920468353111
1.5,0.8125,43.97177148642433,7.986939636290687
1.5,0.75,34.415125716371485,8.009730271331934
1.5,0.625,34.235858372972544,8.008999471103325
1.5,0.5625,44.11905680601846,7.990386712675059
1.5,0.5,40.98612452710184,8.00133528826632
1.5,0.6875,43.46345951453399,7.9962448815990985
1.5,0.625,41.05159631490815,7.998802210468735
1.5,0.8125,40.87534717698626,8.010514145371033
1.5,0.5625,43.996255434646805,7.991729365632194
1.5,0.6875,47.37578657483974,8.006531397063803
1.5,0.5,41.312220236974674,7.99132328496048
1.5,0.75,32.348595344733475,7.984244766716765
1.5,0.8125,33.38189949658549,8.013381829362697
1.5,0.6875,39.673829528659596,7.986028200440947
1.5,0.8125,26.08645365267695,7.9963025669602885
1.5,0.625,37.12745295525149,8.00551824019178
1.5,0.625,33.62289588877059,8.001344599348402
1.5,0.625,36.802544288535735,7.997718708354762
1.5,0.6875,40.435498262599474,7.998043747609243
1.5,0.5625,39.86542405504768,7.998923686398863
1.5,0.4375,51.57843160287032,7.996384094470235
1.5,0.8125,29.754476035210928,7.996327462919645
1.5,0.5,44.6587333317246,7.999086818480768
1.5,0.8125,30.936312724715762,7.987393922320139
1.5,0.625,38.09589605138822,7.9906441770393375
1.5,0.75,26.933727638209778,7.993997860449296
1.5,0.8125,37.444592219002956,7.9834397240162716
1.5,0.6875,39.777311773441774,7.982242868315938
1.5,0.5625,39.98936757549559,7.982217212241599
1.5,0.625,45.06073787910323,8.016226349243185
1.5,0.6875,44.6637558629527,7.973065804098091
1.5,0.8125,38.851035640771364,7.998010873924244
1.5,0.6875,39.67055375337581,7.996564703816928
1.5,0.6875,40.688183505109784,7.9941088736666295
1.5,0.6875,41.49137363486001,7.99647690121558
1.5,0.5,46.649278205939055,7.998714170148128
1.5,0.8125,30.805752149356724,8.005409214589923
1.5,0.8125,37.16341811154226,7.990689590063589
1.5,0.6875,44.38179900683554,8.01416091024895
1.5,0.8125,37.876039928085085,7.980517010931203
1.5,0.625,40.96287541146494,8.003367678528548
1.5,0.75,41.761239682804714,8.008386702724026
1.5,0.625,49.764791091731105,7.995021854597347
1.5,0.75,40.12626675363853,7.9902564505820735
1.5,0.5,41.77706140305064,8.006120314902295
1.5,0.625,25.803653453782797,7.99318987077422
1.5,0.6875,34.037274310016855,8.000041905714225
1.5,0.5,40.502912835614815,7.996108812128984
1.5,0.6875,37.05777443494203,8.015190560371297
1.5,0.6875,34.11429804115006,7.97874198970927
1.5,0.75,34.14313820493761,7.993346602037038
1.5,0.625,47.4985015149633,7.9832405716005646
1.5,0.8125,26.3679805007264,8.00003233210733
1.5,0.875,37.83026252049566,8.0102787582238
1.5,0.4375,43.62499485063838,7.991544768375018
1.5,0.6875,36.75803235711396,8.006560485844885
1.5,0.5,47.14124767135782,7.987543059405596
1.5,0.625,44.302197441393005,8.019370934202207
1.5,0.75,30.027048934252086,8.002736121407962
1.5,0.75,43.39967431420828,7.993585967829608
1.5,0.6875,36.28577789333244,8.000772358555976
1.5,0.5625,35.85645398643432,8.007360894680781
1.5,0.5,44.43997284255353,8.005674399578652
1.5,0.5,40.604431300857705,7.993937939550452
1.5,0.6875,48.56153957110664,8.025312578345229
1.5,0.875,27.290572756673043,7.992824033472544
1.5,0.75,40.38892284174801,8.006335395012476
1.5,0.8125,33.7174146400757,7.997524254378849
1.5,0.625,26.767898852384683,8.022581640450722
1.5,0.5625,41.76924721923613,8.000907329048964
1.5,0.5,47.74932791230793,7.9969999100977205
1.5,0.75,48.191972075940335,7.971189143542624
1.5,0.8125,38.310242398933944,7.9940635888939156
1.5,0.625,37.745224854578325,8.008712970791061
1.5,0.625,32.16761910465136,8.002910035840012
1.5,0.6875,35.029905054472934,8.011878820501957
1.5,0.875,31.347969475996603,7.989637956599465
1.5,0.5,36.105639617378955,8.01661583132511
1.5,0.625,43.60221231780485,8.011108667997421
1.5,0.8125,44.61104429922631,8.01037010590257
1.5,0.5625,50.495622235992606,7.992538578108199
1.5,0.6875,33.198952596584455,8.02413140221225
1.5,0.5,43.45232633526256,7.992908434711035
1.5,0.6875,39.488484640958156,8.009585053839894
1.5,0.75,50.786782067395116,7.986692209434047
1.5,0.75,30.40211084791386,7.9894484452420595
1.5,0.875,34.78675180192763,7.990477900268742
1.5,0.375,44.5221745957595,8.010975871925433
1.5,0.75,32.94916588976299,7.992776778157866
1.5,0.75,38.75235897892748,8.00149813169936
1.5,0.8125,38.289788799177565,8.011745031185205
1.5,0.5625,41.10479038389908,8.0073295280136
1.5,0.5,51.16522709448829,8.000955741783836
1.5,0.625,34.34571899479045,7.997158896356996
1.5,0.6875,46.46486136620415,8.01051479461443
1.5,0.6875,36.814309575757996,7.982213866584704
1.5,0.5,40.66366258596967,8.007597817390202
1.5,0.625,44.115073547646745,8.008086432527282
1.5,0.8125,38.93247240499065,8.006747734742602
1.5,0.5,41.05984266925081,7.983860443202953
1.5,0.5625,40.7847603741821,7.997947399185465
1.5,0.625,37.89463437633498,8.004940320784712
1.5,0.6875,44.498105536131966,8.002995313492258
1.5,0.75,34.15886175415283,8.018956140038084
1.5,0.75,34.0728838036789,8.007716185485833
1.5,0.75,31.030631250722085,8.002264633211189
1.5,0.5625,42.39577769181321,7.996985965187299
1.5,0.625,38.38904929071,8.001850210144546
1.5,0.8125,29.62454786480249,8.00934479328802
1.5,0.625,43.75809216800218,8.01023922673887
1.5,0.5625,33.59467154041415,8.006167021948519
1.5,0.625,40.59735902956054,7.995402535465011
2.0,0.625,38.79911819584961,8.00158187244987
2.0,0.5,48.65751120763308,8.00177063241014
2.0,0.625,38.61997891250413,8.018524524595138
2.0,0.625,53.35679213209197,8.009920307597111
2.0,0.9375,34.86483358949485,8.006298092569752
2.0,0.5625,40.05954826754488,7.9913121598926935
2.0,0.5,35.5839825644762,8.006886763948486
2.0,0.5625,42.15689436942083,8.009380360979797
2.0,0.8125,31.24243086522201,7.999682595124449
2.0,0.625,49.87961745666878,7.987802308101671
2.0,0.625,46.03996072956446,7.999912556486379
2.0,0.8125,38.26248545670241,7.995691200252821
2.0,0.6875,45.67277992287547,7.9952841500997245
2.0,0.5,36.16663893618329,8.014139061869994
2.0,0.6875,36.75069095073179,7.988645774422581
2.0,0.875,35.81608579633165,7.992273984866529
2.0,0.75,39.837233611343244,8.0051234976824
2.0,0.875,39.89047727771177,8.014602517634966
2.0,0.5625,37.08054025919659,8.007411845006725
2.0,0.5,45.59719674216245,8.00452006401111
2.0,0.5625,49.46100432216899,8.007736313434748
2.0,0.5625,39.906300675086115,7.99381184327088
2.0,0.6875,38.87931591671188,7.9758483071062045
2.0,0.375,48.60215908735201,7.995623262443507
2.0,0.75,27.865871041996257,8.008657279351748
2.0,0.6875,38.501801440708284,7.982624823225281
2.0,0.8125,38.21810646303528,8.00027454366496
2.0,0.6875,27.082680747591667,7.9888421466868405
2.0,0.6875,41.36893044846062,7.997136586179034
2.0,0.4375,49.87880571583603,7.997365543147998
2.0,0.625,45.97834318317306,8.018949684656311
2.0,0.8125,38.20211522446884,8.007260343020722
2.0,0.625,40.568382752074186,7.99194881102693
2.0,0.875,34.252660648506804,8.002492208664705
2.0,0.75,48.688527762607826,8.009547445171288
2.0,0.8125,39.748442327834994,7.995817543275773
2.0,0.5625,44.10398718887048,7.995553576263752
2.0,0.75,37.36760771821959,7.994158526858534
2.0,0.4375,50.13165345518787,8.012011859854951
2.0,0.875,34.921416619561846,8.005811566078183
2.0,0.625,38.80283659268265,7.987021999124394
2.0,0.625,38.44557779286971,7.9897880004052535
2.0,0.75,35.15965610072231,8.00289703129056
2.0,0.75,48.82219918710593,7.995203068530687
2.0,0.4375,47.91298279787544,7.995371254670646
2.0,0.5625,44.96097583429097,8.01361940866334
2.0,0.625,42.91132148385326,7.983877506283813
2.0,0.6875,48.003698711820974,7.9860362355917545
2.0,0.5,55.55335008861788,8.008324986797506
2.0,0.625,41.920734657650165,8.002553988239804
2.0,0.6875,49.878054612471026,7.993006856606495
2.0,0.625,39.92129563276133,8.00331072324949
2.0,0.5625,45.820877710550135,7.997178179432806
2.0,0.625,43.0161102386156,7.997611687319797
2.0,0.5625,46.23661408269885,8.000206229742405
2.0,0.5,40.38231287991313,7.993490986542934
2.0,0.5,41.85288907389481,8.015601939915753
2.0,0.5,38.40733083469673,8.009684340620979
2.0,0.8125,45.81038869457712,7.984839786737913
2.0,0.5625,52.844134303597144,7.981267239254054
2.0,0.625,44.93029777757247,7.985561882345786
2.0,0.6875,35.26985393188009,7.982899445405579
2.0,0.5625,42.41923145113848,7.997047924696158
2.0,0.5625,42.77232866008867,7.997141611964414
2.0,0.6875,39.268099611904944,8.014633234722783
2.0,0.8125,42.154956476997754,8.010961888843699
2.0,0.6875,45.27331591305133,7.995576731055758
2.0,0.75,45.703273973140085,7.9901158040043185
2.0,0.75,24.074256185440955,7.987103279544963
2.0,0.75,48.43486754472467,7.9965291208581615
2.0,0.625,41.9862903865118,8.012196402088186
2.0,0.75,35.26124332616364,7.999039757447257
2.0,0.75,44.815857169349954,8.000999419529307
2.0,0.8125,43.23777988464674,8.012627194615536
2.0,0.5625,44.937094754468006,8.002989854049348
2.0,0.625,31.115585681934267,7.992931647233391
2.0,0.5625,52.39697721801308,7.989343171699883
2.0,0.875,39.26507656826487,8.008508604260415
2.0,0.8125,53.402437711996456,7.998586454113216
2.0,0.6875,30.469479733217135,8.009349687467218
2.0,0.8125,36.504245851929035,8.009718203132326
2.0,0.8125,31.950516860694293,8.00427518572935
2.0,0.625,41.91135280275328,7.9977883518565935
2.0,0.6875,45.9625163382568,7.993184063293926
2.0,0.6875,31.496884220533115,8.000044332261972
2.0,0.625,43.13190861521592,7.9838706259329655
2.0,0.6875,38.47170249547481,7.996919065514277
2.0,0.625,34.04693560243919,8.009263078898941
2.0,0.6875,42.14962093398587,8.007369507109418
2.0,0.875,35.651283270398004,8.003347191756601
2.0,0.625,38.73501855002309,7.995028366712436
2.0,0.5,40.810551057139705,7.9943962757715745
2.0,0.75,28.21598358847347,7.990941667008446
2.0,0.6875,49.25947217702965,7.980187699898254
2.0,0.625,43.59107326169521,7.998260847239276
2.0,0.8125,23.180130659200643,8.001143655025386
2.0,0.875,29.827987143220412,7.9994838307548335
2.0,0.625,43.15586049162359,7.9949978359829785
2.0,0.625,46.22285872303075,8.024671718901457
2.0,0.625,48.128242031563026,8.008675202678196
2.0,0.625,42.43589738704437,8.01079681563003
2.0,0.625,38.859588873619366,8.013193081178226
2.0,0.5625,30.45160209664968,8.003696944161225
2.0,0.75,30.419579953818424,7.997285606458897
2.0,0.75,31.617087414456805,8.004799075522026
2.0,0.5,42.72355683856832,7.9988333165592955
2.0,0.5625,39.09696438327118,7.986382940352989
2.0,0.8125,40.39267614711493,7.976641944936652
2.0,0.4375,41.35856673347976,7.995587509649823
2.0,0.5,46.2000666637739,7.982333134465806
2.0,0.625,43.77865688896991,7.995626587138851
2.0,0.75,45.57487350759841,8.01800393763752
2.0,0.4375,46.440866302631356,7.996885590106908
2.0,0.3125,55.88973953568453,7.986499953703845
2.0,0.5625,53.001723986822036,8.0003197334873
2.0,0.75,40.82428425188121,7.994293091589068
2.0,0.6875,42.15206289072188,7.9869982209025014
2.0,0.4375,48.73514799907259,7.998590003269998
2.0,0.75,46.61358932476344,8.004684760225302
2.0,0.5625,41.428254082746896,8.011442918619728
2.0,0.6875,38.121870318872325,8.001737461799923
2.0,0.6875,31.928252872311354,7.998243895307338
2.0,0.6875,28.92443740105013,7.9957116217185416
2.0,0.8125,41.93713373563633,8.011222698061474
2.0,0.75,31.928891066388708,8.00796048885585
2.0,0.8125,31.33763262800439,8.015079867812666
2.0,0.6875,40.09034400675519,7.998028550863598
2.0,0.8125,30.239354795792547,7.993162659913665
2.0,0.625,41.71293608187591,7.998110338084631
2.0,0.5625,48.563902126250476,7.9913071208062405
2.0,0.625,39.15391424541704,8.013805124074024
2.0,0.6875,34.886252315944226,7.985410444632048
2.0,0.6875,30.74027270010147,7.993531260716193
2.0,0.875,46.28054080050653,7.982654376110688
2.0,0.8125,31.998098968851615,8.0143023699003
2.0,0.5,41.012847883491936,8.012467053383865
2.0,0.6875,38.39303496155502,8.003051667896415
2.0,0.625,41.616475838338786,8.014600604178689
2.0,0.8125,41.698294523716,7.999875146356878
2.0,0.625,34.356887432656954,7.9892821368605045
2.0,0.8125,31.002002422032398,7.996713301353926
2.0,0.625,31.327352276300317,8.0136675431081
2.0,0.6875,30.402802291357453,7.983901300973686
2.0,0.75,27.72642630783336,7.998016368605002
2.0,0.5625,44.847520081502985,7.99218160144866
2.0,0.75,41.38269943511244,8.002102443405636
2.0,0.5625,31.074699096758142,8.006265451987622
2.0,0.6875,38.415863205618535,8.018477175393013
2.0,0.5625,45.088744594109414,8.000976210911736
2.0,0.8125,28.263484245174997,8.0044753836381
2.0,0.8125,34.99077074956099,7.984108729365122
2.0,0.625,36.62231864364701,7.993918720832321
2.0,0.625,41.48228115488026,8.004328976479526
2.0,0.6875,35.703689974100556,7.981582224630722
2.0,0.8125,36.20965705378566,8.01248682274144
2.0,0.6875,49.03485385930275,7.992057009270189
2.0,0.6875,45.66109498665905,7.988911455012273
2.0,0.625,42.23647621548733,7.986296167130961
2.0,0.6875,42.11706910074154,7.997349276575111
2.0,0.5625,40.3799783877205,7.992691533394247
2.0,0.8125,43.00349458417018,7.9900543426994
2.0,0.8125,37.53489193242017,8.014553633538895
2.0,0.625,42.39846014678662,7.99998769065353
2.0,0.75,41.11163250060958,7.995671565452053
2.0,0.5,49.23474729140433,7.995807356820949
2.0,0.5625,47.08847688464042,7.997439698116677
2.0,0.8125,31.225251398479802,8.011452701797689
2.0,0.6875,42.85965975876273,7.999214924634801
2.0,0.625,45.86093441284076,8.017785589826211
2.0,0.5625,49.82836046465079,7.9848062572888505
2.0,0.5625,50.608444625335586,8.002787463741937
2.0,0.75,35.3933546826723,8.00248296884032
2.0,0.4375,48.32900621232235,7.998061927192882
2.0,0.8125,30.863858328440518,8.013161120998646
2.0,0.4375,48.277734915733554,8.01774562908419
2.0,0.75,31.430739316212403,8.005920548729524
2.0,0.5,40.303642169568384,8.001692722993976
2.0,0.625,56.99199413763633,8.024505598678177
2.0,0.5,43.83989467167616,7.984452660007552
2.0,0.5625,41.08774764083773,7.991872309008604
2.0,0.875,38.50638349522251,8.003853345914754
2.0,0.6875,41.2706434507543,7.986850948045129
2.0,0.8125,29.54604778237173,8.004484629324333
2.0,0.4375,52.211288669691214,7.9970031726673
2.0,0.625,41.40354565212117,7.9996717390403695
2.0,0.8125,34.42613137320903,8.003364939564662
2.0,0.8125,38.760891576466726,8.001853224030011
2.0,0.625,33.68090879970076,7.980650029916214
2.0,0.5625,39.146980659523294,8.000626421417897
2.0,0.8125,34.62577321547136,8.007952901525336
2.0,0.5,45.435762476513354,8.007195416109166
2.0,0.75,33.99163866270088,8.002294859072082
2.0,0.875,30.68726621121188,7.998676988350544
2.0,0.6875,43.28433239111928,7.9951054018487255
2.0,0.75,23.12289441020471,7.991588502298146
2.0,0.6875,45.012991553581045,7.997941187643539
2.0,0.6875,43.27572466985787,7.984035139304051
2.0,0.625,45.46824872624399,8.004666235151277
2.0,0.5625,49.420617910456855,7.9986947236774135
2.0,0.75,31.419845611422712,7.999147413969762
2.5,0.625,43.2313196282745,8.005732999391535
2.5,0.6875,39.796794760518914,8.004202006485908
2.5,0.5625,38.889551458010274,7.994213270273599
2.5,0.625,43.99733048630828,8.01505393846462
2.5,0.6875,30.995673280850486,8.009066726983306
2.5,0.4375,38.915373584189496,8.008845562172095
2.5,0.6875,37.118786218696386,8.008559875058578
2.5,0.6875,47.210201210479106,8.007691395390172
2.5,0.5625,36.56124824891042,7.988557172326846
2.5,0.5625,37.05381972467716,7.985252677300215
2.5,0.5,41.618571342425426,7.999885535975251
2.5,0.5,49.838337596153835,8.000855369904393
2.5,0.5,53.45127269416072,8.010473127918914
2.5,0.8125,42.948527350513444,8.008888075316628
2.5,0.5,42.87710336525434,7.991746266716433
2.5,0.75,31.149345174791314,7.998463349914246
2.5,0.5625,45.26795642845439,8.012107712554684
2.5,0.875,34.738253533849985,7.991177883675972
2.5,0.75,54.77481941837126,7.98713937598972
2.5,0.75,36.705139902665444,7.991000780796108
2.5,0.75,38.700831277609794,7.992491482528694
2.5,0.6875,37.1924568998137,8.012371948907056
2.5,0.6875,44.204036474697226,8.011666714872824
2.5,0.625,30.45398075874476,8.009364774254282
2.5,0.625,42.01849942226949,7.99850389872962
2.5,0.8125,42.550326279953914,8.002382560044895
2.5,0.625,42.73945941654332,7.99195118182177
2.5,0.5625,40.69950031544425,8.005853458753394
2.5,0.5,46.418112521767796,7.995419212456831
2.5,0.625,50.491450913938195,7.993143625034449
2.5,0.6875,47.80782610032003,8.002628744439406
2.5,0.75,26.86962105087765,8.000292915134999
2.5,0.75,34.99245157442481,8.012449385765484
2.5,0.875,43.40359713747935,8.001062316588374
2.5,0.6875,34.86294913550662,8.011462121479534
2.5,0.625,46.97727684945342,8.005097769365966
2.5,0.6875,38.782312508184816,8.000981950928592
2.5,0.375,45.66699264927527,7.995861196326274
2.5,0.75,42.07338403979113,8.017992718700773
2.5,0.8125,40.18155983745935,7.986107699688377
2.5,0.75,40.438474054024645,7.99703483931393
2.5,0.625,39.67247525973375,7.994913570787757
2.5,0.625,42.81873051869036,8.003335666661416
2.5,0.6875,46.20802294765849,8.001944042716625
2.5,0.75,27.9580025723715,8.01544608614142
2.5,0.8125,22.962747028878436,8.016099104664994
2.5,0.5,54.94390696217692,7.999011483334721
2.5,0.8125,34.875159989355666,8.010772846297815
2.5,0.5625,38.82923832547149,7.999063488184127
2.5,0.8125,36.8142598984146,7.9949351303101555
2.5,0.625,40.17883062969434,8.00851566912895
2.5,0.75,34.4227791017118,8.00497399005874
2.5,0.6875,42.52102250613972,7.990415171617759
2.5,0.8125,44.25206317806835,8.021218703914435
2.5,0.875,23.265985480852798,8.015136839211443
2.5,0.5625,50.22568115177548,8.00086197336519
2.5,0.5625,45.800640115378755,7.989460957783459
2.5,0.5625,43.220228760316445,8.007454684970778
2.5,0.875,35.43797872943185,8.005968007839977
2.5,0.6875,42.78875760662164,8.007196187443304
2.5,0.5,46.16729298835121,8.01196816585798
2.5,0.625,49.64039712272729,7.998598903701987
2.5,0.6875,44.16124289454954,8.001563295298164
2.5,0.625,39.07049646432706,8.016041359838374
2.5,0.75,34.92191591674893,7.988857773974873
2.5,0.6875,42.939000616476044,7.985531425216475
2.5,0.625,35.746804607606585,7.997305888210427
2.5,0.625,38.27464845983327,8.012530632477846
2.5,0.5625,55.23016176523528,8.013713239855187
2.5,0.75,50.2411691933275,7.998981973085394
2.5,0.875,35.25197140072114,7.997944137512144
2.5,0.5,50.6307691676466,8.00617819235188
2.5,0.625,42.16531280422932,8.015427665323262
2.5,0.8125,32.51703629518089,7.9912953502971895
2.5,0.625,31.924174136600875,8.002931643713664
2.5,0.875,45.911895575610856,7.9925886126170855
2.5,0.5625,30.17072899554264,7.987809971409071
2.5,0.6875,35.19447467540815,7.989458753308828
2.5,0.625,50.23576380781406,8.017277674291869
2.5,0.875,43.53472493106176,7.99475349615035
2.5,0.75,40.39581126601839,8.004455413035458
2.5,0.6875,45.65183160155364,7.990701634327847
2.5,0.5625,37.895094755953934,7.9965447282461515
2.5,0.75,36.46337368567176,8.029180973746811
2.5,0.5625,46.27201560288999,8.007064229857697
2.5,0.625,45.135085153388886,8.000356076687527
2.5,0.5625,38.36340227933782,7.9979418187404505
2.5,0.8125,39.27753736830016,7.986443471901454
2.5,0.5625,43.269695731077654,7.991727033000403
2.5,0.8125,36.35282777579798,7.9997224585476125
2.5,0.6875,43.17538580836887,7.992364126545176
2.5,0.8125,36.9222944034087,8.006602764111827
2.5,0.8125,34.87464361296117,7.9934601154302385
2.5,0.75,43.05168136945508,8.002351218893835
2.5,0.5625,46.01831137661234,8.007195728249231
2.5,0.75,32.86232428325346,8.004586794882337
2.5,0.5625,37.89276602126465,8.006756290178869
2.5,0.5625,39.08888137009416,7.997461891306392
2.5,0.5,57.8254825342303,7.987756065949792
2.5,0.875,32.51349498148922,8.001734143935298
2.5,0.5625,29.019524910337392,7.996860491215587
2.5,0.625,35.1444967880958,8.001879284608847
2.5,0.4375,56.123815104057364,7.998275654678393
2.5,0.6875,32.50566075235942,7.994546030882583
2.5,0.75,41.76430724131795,7.98306097704355
2.5,0.375,56.92872037544534,7.994153714627554
2.5,0.875,28.417325733412166,7.998087146666949
2.5,0.75,39.14010045682045,8.005133040255554
2.5,0.375,51.44482423821238,7.997203401796105
2.5,0.625,42.885451105986775,7.994386659690603
2.5,0.625,46.70422454883742,7.997756279200969
2.5,0.6875,38.298990352107076,8.002252223090732
2.5,0.875,39.41687047594917,7.998842315918353
2.5,0.5,55.295899921083354,8.00670436891077
2.5,0.75,38.214174615527256,8.001554765136039
2.5,0.875,31.59094480238904,8.001826604975129
2.5,0.75,38.92264724723415,7.996597578588467
2.5,0.8125,50.00090209624238,7.978388065631096
2.5,0.75,32.84584282778386,8.02229084876958
2.5,0.8125,37.33481976871506,7.98929439658032
2.5,0.5625,41.75121903326767,7.987772748233889
2.5,0.6875,43.327328931897696,7.981678063242354
2.5,0.5,42.89507214869277,7.991655413773625
2.5,0.6875,43.104272823418995,8.014143888364348
2.5,0.625,42.32940343556021,7.999184886497909
2.5,0.5625,53.396292445198796,7.987484425627228
2.5,0.8125,24.708681602004845,7.9979948392003095
2.5,0.75,43.571860345603184,8.000548723217392
2.5,0.5625,37.805742100978854,7.980226530889912
2.5,0.75,35.70809124536077,8.012001710333234
2.5,0.75,46.94977400018173,8.00915367559993
2.5,0.625,50.288069851225735,7.9808096605461785
2.5,0.6875,46.12347810890346,7.987839591927063
2.5,0.625,36.07494631268654,8.007046301105161
2.5,0.75,43.16363232312588,8.00298887415798
2.5,0.625,43.74671239235784,8.007123885629202
2.5,0.5,54.326568774285136,7.996185734907902
2.5,0.5625,35.76668061103924,8.005040409098525
2.5,0.5625,57.7271061039997,7.987104047689774
2.5,0.875,24.85622182446817,7.991815636235385
2.5,0.75,42.98369240536572,8.000276465127355
2.5,0.5,53.73284682950834,7.999570698183703
2.5,0.75,40.03882627396655,8.010828837208186
2.5,0.5625,43.1008669560308,7.997601353028955
2.5,0.8125,44.39140384945977,7.998352836335377
2.5,0.5,41.996679626655094,8.002167835709637
2.5,0.75,35.36043652499909,8.004114647512901
2.5,0.625,47.51567333356921,8.0085806837457
2.5,0.625,46.4975610957233,7.997677906395028
2.5,0.8125,32.08288278087045,8.0100019061542
2.5,0.5,57.97152183537562,8.01109072004406
2.5,0.75,38.783926944250595,7.985883030513339
2.5,0.75,34.831790812708206,8.006302244328706
2.5,0.6875,46.3393581795482,8.005349672401803
2.5,0.75,40.179304950185696,8.006045785154008
2.5,0.625,28.96336866060185,8.001854053655775
2.5,0.6875,35.689504041861404,8.028145775990293
2.5,0.6875,47.36447641856068,8.011972607210325
2.5,0.6875,43.54076525314754,8.006184218214273
2.5,0.6875,42.62172735559888,8.005092203023507
2.5,0.6875,41.35767303793167,8.011615572029797
2.5,0.75,51.04170385948718,8.008845291515504
2.5,0.625,48.842324138422576,7.994715624553036
2.5,0.6875,35.55943178214388,8.005804215245123
2.5,0.6875,43.9010618305049,8.006734571773645
2.5,0.625,48.452192786887295,8.017758475628797
2.5,0.875,40.26545016705158,7.990574323072176
2.5,0.75,33.104137406830574,8.001475767715863
2.5,0.5625,42.83371468139749,8.008059996386736
2.5,0.6875,47.35633115292187,8.014459548840412
2.5,0.5625,51.09251087286378,8.013269212120756
2.5,0.8125,39.688841027522976,8.006652570508622
2.5,0.75,34.92467800059109,7.993409156269744
2.5,0.6875,44.779594465505475,8.002887946255916
2.5,0.9375,34.933375347535126,7.984116867311897
2.5,0.5,43.047106819959204,8.006488646434901
2.5,0.625,34.44791758618694,7.985839790996836
2.5,0.5,46.27183794102782,7.986231560593577
2.5,0.625,30.025935496176643,7.988361066236607
2.5,0.75,43.018828316328126,7.995110237537354
2.5,0.8125,45.906246536810706,7.988698459848996
2.5,0.6875,43.13131208150288,8.001856978526675
2.5,0.8125,50.553748225758866,7.994085735402852
2.5,0.75,26.63447779952944,7.997842841405145
2.5,0.75,48.02405769858501,7.982351330760464
2.5,0.5,45.576817857379666,8.003740445370207
2.5,0.75,39.703607770328325,7.990251481734436
2.5,0.8125,35.65208005094263,7.977271761136953
2.5,0.5625,32.68836597565676,7.99934747902425
2.5,0.6875,35.755119265136834,8.00133364883928
2.5,0.75,50.71095867956483,7.995961457894374
2.5,0.4375,54.40665033436413,8.006847806749722
2.5,0.75,37.416295140180885,8.008563067890455
2.5,0.5,46.371098610567294,7.996548795824353
2.5,0.75,39.019805557001234,8.007476800718363
2.5,0.625,44.92519442439903,7.992779366421971
2.5,0.625,46.53370986501968,7.985134257214883
2.5,0.625,41.36404135739502,7.992969363272003
2.5,0.8125,35.49322160976245,8.012924715507452
2.5,0.625,42.70824476271824,7.993498005373777
3.0,0.625,43.60628319095233,7.985208221085037
3.0,0.5,52.1421422689367,7.991729797396312
3.0,0.875,28.639507837411116,7.993612708237686
3.0,0.8125,49.69737701134463,8.007944060835026
3.0,0.625,47.14152091203748,8.001071026529292
3.0,0.5,45.52400056354366,8.01451022393635
3.0,0.875,27.541906923437974,8.00060330940147
3.0,0.5625,49.44993127809808,8.004679323563296
3.0,0.625,39.03020944019149,8.007314474348416
3.0,0.625,40.620837432325786,7.9906249578145605
3.0,0.6875,36.3081983879035,7.993613885405846
3.0,0.625,42.80560512462274,8.003213731761534
3.0,0.75,34.821944215202905,7.999062137114835
3.0,0.8125,34.474979358620175,7.988990228256354
3.0,0.8125,40.788297663477785,8.007638335036779
3.0,0.625,43.05760330364775,8.014271932766597
3.0,0.625,43.13257796337654,8.002366692632402
3.0,0.6875,39.47872320454807,7.9791179925179545
3.0,0.5625,54.9178607434511,7.989012781795482
3.0,0.6875,39.77711485828392,7.998935625788498
3.0,0.625,35.72107990094429,8.007676837881062
3.0,0.5,39.898801456578326,7.996974938649133
3.0,0.625,45.87705375152334,7.990739542163153
3.0,0.625,39.02129397839332,7.99740207821365
3.0,0.625,50.53783610277276,7.987726799070179
3.0,0.625,36.669762418674495,8.006148993850928
3.0,0.6875,44.220995191156064,7.995872583973565
3.0,0.6875,47.48416737170791,7.99280170031685
3.0,0.875,27.929208495786376,7.987299648086944
3.0,0.6875,49.436362461704825,7.986967066148802
3.0,0.5625,47.76994250248745,7.990909359088809
3.0,0.625,38.81496817097142,8.01343116038444
3.0,0.75,36.41950109035315,7.99864561976772
3.0,0.75,27.39363757268386,8.012459139532652
3.0,0.625,58.69700380750189,8.008548250867937
3.0,0.75,37.93248372584938,8.00465178748227
3.0,0.75,40.171169453550796,7.992310165304328
3.0,0.875,31.896302645597924,7.9935051230620005
3.0,0.5625,38.97005437563578,7.998652303800629
3.0,0.8125,44.471422468270234,8.006135390489339
3.0,0.8125,48.67319549908797,7.99239695158818
3.0,0.5,50.73711758918666,8.011159431786643
3.0,0.8125,33.34438334371604,8.006049791361626
3.0,0.625,39.42699020282719,8.015501404861611
3.0,0.8125,40.520044740888146,7.987524514337622
3.0,0.5,43.4685221678225,8.015439950400317
3.0,0.75,51.607611808430875,7.992586629995158
3.0,0.6875,27.9623114286241,7.983939132409022
3.0,0.6875,46.29131797513536,7.9796269703819664
3.0,0.875,36.24880287901026,7.9945478328639865
3.0,0.75,33.78510440017843,8.00891091752727
3.0,0.8125,48.31171329038872,8.003834111327247
3.0,0.625,58.43320865413936,8.002576429473738
3.0,0.625,58.12580600377969,7.986927522453399
3.0,0.75,37.23405173407531,7.991556213559031
3.0,0.625,42.0270601536783,8.010024625212685
3.0,0.6875,31.435574817171513,7.997349078997795
3.0,0.8125,46.436867366192324,7.985780358090345
3.0,0.6875,37.37770412835123,7.981916924448875
3.0,0.75,44.21268914736437,8.003315465155822
3.0,0.6875,36.45555022416847,7.9999876103462135
3.0,0.6875,55.59074949713726,8.00418959174679
3.0,0.6875,43.21515973534592,8.015629959573712
3.0,0.625,35.24686719182191,8.007926766875267
3.0,0.75,33.29168973815293,8.01764246321921
3.0,0.6875,41.001189696438175,8.004937860114449
3.0,0.5,50.9839304876643,7.9969604273171395
3.0,0.6875,42.07382544865723,8.007861698140054
3.0,0.75,51.721559963144024,8.00593101574127
3.0,0.8125,30.68223992203314,8.00400197108999
3.0,0.625,42.26843274670656,8.002111047745386
3.0,0.5625,43.04999597272597,8.000856564908203
3.0,0.6875,27.127976921989795,7.993981870454732
3.0,0.8125,44.392719772444345,7.995812526562409
3.0,0.5,46.84977884728995,8.011205475801038
3.0,0.5625,40.830670129782646,7.997410530602533
3.0,0.75,44.188589155931666,8.01763560668618
3.0,0.6875,38.502343087125816,7.98592961167159
3.0,0.75,36.946586137638214,8.01347256026106
3.0,0.6875,36.47923640131918,8.011097388080248
3.0,0.75,40.19525829845532,8.001912624761113
3.0,0.6875,48.51613780040858,7.995669367579852
3.0,0.5625,51.221341702266244,8.002066118666505
3.0,0.8125,41.31778056150351,7.992892216694104
3.0,0.75,43.302464545522064,7.998969558924671
3.0,0.75,40.36091251199024,8.003485618190334
3.0,0.625,50.22774284823834,7.987546008309327
3.0,0.6875,38.003910921703216,8.003660970272973
3.0,0.8125,38.87424137025439,7.9889652247317695
3.0,0.75,31.389103435488956,7.986805262254137
3.0,0.5625,46.459663447793574,7.986275490591693
3.0,0.6875,51.5190849121072,7.997855756598412
3.0,0.625,39.1588519511264,8.003503985863762
3.0,0.75,35.37715095974779,8.006376811055379
3.0,0.5,35.41361364328059,7.995188658732959
3.0,0.8125,40.392204153586036,7.988312968149939
3.0,0.5,54.9621239673129,8.000385300163716
3.0,0.5625,43.59698198277492,8.000953962612932
3.0,0.5625,43.95720295913908,7.994146628377903
3.0,0.5,44.29529067731463,7.994225374945156
3.0,0.625,35.98442189283679,7.993212215059485
3.0,0.5625,47.11081560552442,7.982297001428497
3.0,0.6875,35.24801824419708,8.003501282161592
3.0,0.875,33.00591562321412,7.986684073299763
3.0,0.75,55.621561495364205,7.9787549597032825
3.0,0.75,35.704315283839286,7.998189047428173
3.0,0.75,42.97741113745988,8.012782697808184
3.0,0.625,32.59441133838469,8.001586262378448
3.0,0.6875,46.72214722752131,7.984736207363877
3.0,0.75,45.22197663599635,8.002808652488387
3.0,0.8125,28.845630542490348,8.018534436362412
3.0,0.625,39.23949488608489,7.998218495799877
3.0,0.6875,39.312126626574155,8.00998612792062
3.0,0.8125,37.42790441648049,7.997500941978407
3.0,0.625,44.18076050428,7.987406842893407
3.0,0.4375,46.950160281684994,8.0152845355128
3.0,0.4375,59.53110895481922,7.9983651769745965
3.0,0.75,36.29566460344598,8.00212960665933
3.0,0.6875,42.73255040410118,8.009470066653654
3.0,0.8125,39.56674426130008,7.999240013427126
3.0,0.625,42.43180664234857,7.992425124289621
3.0,0.5,39.596714769812266,8.002741197038537
3.0,0.5625,47.903673584894676,8.003652563308128
3.0,0.6875,44.54607534071521,7.991750099401553
3.0,0.6875,45.26564448312834,7.970424466030433
3.0,0.6875,33.28773418897026,8.009634758997436
3.0,0.75,35.354413660043235,7.998390519715654
3.0,0.625,36.543206125621616,8.019142365312984
3.0,0.625,39.0379467349112,7.99378242913172
3.0,0.5625,43.110874022765074,7.988314515229499
3.0,0.75,36.452463839684434,7.9944980625193285
3.0,0.875,28.45222071900479,7.99619657787682
3.0,0.5625,43.96252955531945,8.012315736805274
3.0,0.5,46.969157427350765,7.98948896771954
3.0,0.6875,38.90236343250091,8.011776487889522
3.0,0.8125,35.750622754534405,8.001249261974078
3.0,0.625,51.279004075646625,8.009041005590623
3.0,0.5,55.30193615009435,8.001111267678288
3.0,0.625,32.50087229118458,7.988365440127177
3.0,0.75,51.974413608677196,7.981052732573929
3.0,0.75,47.67606194735983,8.001561812235591
3.0,0.6875,43.606662724752475,7.979070638030482
3.0,0.8125,32.008138014356526,7.997668632083643
3.0,0.4375,53.52314887286331,8.002207823934729
3.0,0.6875,48.04720909210693,8.001415242045317
3.0,0.6875,50.710031972784904,7.991304500892296
3.0,0.5,54.38349297064951,7.986230490975293
3.0,0.625,39.4751834912624,8.006306523189698
3.0,0.6875,43.55747201931831,7.997060994060805
3.0,0.6875,32.03018517221263,7.999350108799021
3.0,0.8125,32.51323200250312,8.007433313575982
3.0,0.6875,44.25278828624853,8.003049983415117
3.0,0.5,50.41676249675338,7.984551992568067
3.0,0.625,40.082898710019926,8.003604730198608
3.0,0.625,45.09977553326621,8.005134666353618
3.0,0.75,39.88450437990136,8.003857041863863
3.0,0.5625,49.59145640090493,7.990143281421254
3.0,0.6875,36.77103252077757,8.005924522599061
3.0,0.625,46.72200187803186,7.994561093467155
3.0,0.75,42.25572078842203,8.002196604825825
3.0,0.625,35.11752333739035,8.00837212328618
3.0,0.625,39.40501950194641,7.994723755410801
3.0,0.625,48.07886258188468,7.999925986179472
3.0,0.6875,39.770939949430975,8.00512183141147
3.0,0.5,47.61878857796592,7.9993697154400145
3.0,0.625,42.471460485990924,7.990527743325401
3.0,0.875,27.73454358434693,8.011017702567404
3.0,0.75,47.67606229964914,8.002803920940616
3.0,0.5,56.690155306567,7.991310544103026
3.0,0.5625,32.26633358280264,8.000516418060581
3.0,0.5625,40.41151670106442,8.009369052920386
3.0,0.75,31.80524615766309,8.001392808253808
3.0,0.8125,27.689400854076638,8.007050589720235
3.0,0.5,57.534545690929455,8.001683563453255
3.0,0.4375,40.581574830278484,7.988341405602231
3.0,0.625,36.37212428313022,7.999707957301183
3.0,0.625,40.5298928623773,7.9963341895695255
3.0,0.625,46.767426325206685,8.009311867802454
3.0,0.5625,51.638275787918644,7.996883302361791
3.0,0.75,46.96332753599258,8.002479706690366
3.0,0.625,37.00051461946393,7.984931553393416
3.0,0.5625,42.37909116253729,7.979717070034274
3.0,0.6875,34.8277985619702,8.0163146749019
3.0,0.8125,33.60498170155994,7.984341295338192
3.0,0.5625,45.83802852824156,8.004360582030602
3.0,0.625,50.84345526787027,7.9995439058290785
3.0,0.625,46.87928255407805,7.995459853195555
3.0,0.6875,44.21970328758925,7.986735579289018
3.0,0.75,36.7593014884326,8.001503988901232
3.0,0.6875,40.23157813449869,7.993751411092548
3.0,0.625,46.70832714034907,7.9932612151774745
3.0,0.5625,46.969863486783844,8.002832601906771
3.0,0.875,28.011348285090182,7.991493450739588
3.0,0.5625,38.91336076946862,8.007798442216224
3.0,0.8125,38.97094556782203,8.001454545685538
3.0,0.625,39.053224959041565,8.016574008478015
3.0,0.4375,47.67087799065438,8.021996644083599
3.0,0.625,43.87701358742148,7.995974195860022
3.0,0.8125,37.16386202751835,7.993182440522398
3.0,0.5625,39.54138037016093,8.01242062775637
